Covidence.ID,Study.DOI,Year.published,Full.title,Disease.type..choose.all.that.apply.,Model.type,Stochasticity.in.model,Is.calibration.implementation..code..available.in.an.open.access.repository.,What.programming.language.was.used.for.calibration.,Do.authors.list.any.programming.packages.used.for.calibration.
3256,https://doi.org/10.4103/ijmr.ijmr_328_23,2023,The potential impact of vaccination on tuberculosis burden in India: A modelling analysis,TB,Compartmental,Deterministic model ,Not reported ,Matlab,No
3251,https://doi.org/10.1016/S2214-109X(23)00045-1,2023,The impact of alternative delivery strategies for novel tuberculosis vaccines in low-income and middle-income countries: a modelling study,TB,Compartmental,Deterministic model ,Link reported and accessible,R,Yes
3237,https://doi.org/10.1371/journal.pmed.1004032,2022,Scaling up target regimens for tuberculosis preventive treatment in Brazil and South Africa: An analysis of costs and cost-effectiveness,TB,Compartmental,Deterministic model ,Link reported and accessible,Not reported,No
3233,https://doi.org/10.1007/s11538-023-01156-1,2023,Quantitative Assessment of a Dual Epidemic Caused by
Tuberculosis and HIV in the Philippines,HIV; TB,Compartmental,Not reported,Not reported ,Matlab,No
3227,https://doi.org/10.1038/s41598-019-54561-9,2019,Projecting the impact of variable MDR-TB transmission efficiency on long-term epidemic trends in South Africa and Vietnam,TB,Compartmental,Deterministic model ,Not reported ,Not reported,No
3222,https://doi.org/10.1371/journal.pone.0214532,2019,Outlook for tuberculosis elimination in California: An individual-based stochastic model,TB,Individual-based,Stochastic model,Link reported and accessible,Python; Other ,No
3216,https://doi.org/10.3390/epidemiologia4040036 ,2023,Modeling Transmission Dynamics of Tuberculosis–HIV Co-Infection in South Africa,HIV; TB,Compartmental,Deterministic model ,Link reported and accessible,R,No
3189,https://doi.org/10.1016/j.jtbi.2019.02.020,2019,Evaluating vaccination strategies for tuberculosis in endemic and non-endemic settings,TB,Compartmental,Not reported,Not reported ,Matlab,No
3187,https://doi.org/10.1007/s11538-022-01019-1,2022,Evaluating Strategies For Tuberculosis to Achieve the Goals of WHO in China: A Seasonal Age-Structured Model Study,TB,Compartmental,Not reported,Not reported ,Not reported,No
3184,https://doi.org/10.1186/s12879-022-07465-5,2022,Effect of different interventions for latent tuberculosis infections in China: a model-based 
study,TB,Compartmental,Not reported,Not reported ,R,Yes
3123, https://doi.org/
10.1371/journal.pgph.0000111,2022,Long-term effects of increased adoption of artemisinin combination therapies in Burkina Faso,Malaria,Individual-based,Stochastic model,Link reported and accessible,Matlab,No
3115,https://doi.org/10.1371/journal.pgph.0000784,2022,Population benefits of addressing programmatic and social determinants of gender disparities in tuberculosis in Viet Nam: A modelling study,TB,Compartmental,Not reported,Not reported ,R,Yes
3106,https://doi.org/10.1371/journal.pgph.0000474,2022,Assessing the effectiveness of malaria interventions at the regional level in Ghana using a mathematical modelling application.,Malaria,Compartmental,Not reported,Link reported and accessible,R,Yes
3097,https://doi.org/10.1016/j.lansea.2022.100097
,2022,The epidemiological impact and cost-effectiveness of key population-led PrEP delivery to prevent HIV among men who have sex with men in Thailand: A modelling study,HIV,Compartmental,Deterministic model ,Not reported ,Not reported,No
3096,http://doi.org/10.1016/j.idm.2023.11.010,2024,SEIRS model for malaria transmission dynamics incorporating seasonality and awareness campaign,Malaria,Compartmental,Deterministic model ,Not reported ,Matlab,Yes
3090,https://doi.org/10.1371%2Fjournal.pgph.0000610,2023,Population health impact, cost-effectiveness, and affordability of community-based HIV treatment and monitoring in South Africa: A health economics modelling study,HIV,Compartmental,Deterministic model ,Link reported and accessible,Matlab,No
3049,http://doi.org/10.1097/PHH.0000000000000717,2018,Effects of Reaching National Goals on HIV Incidence,
by Race and Ethnicity, in the United States,HIV,Compartmental,Not reported,Not reported ,Matlab,No
3047, https://doi.org/
10.1017/S0950268819001857,2019,Strategic investment in tuberculosis control in
the Republic of Bulgaria,TB,Compartmental,Not reported,Not reported ,Not reported,No
3034,https://doi.org/10.1007/s10461-021-03361-2,2021,Overlapping Key Populations and HIV Transmission in Tijuana, Mexico:  A Modelling Analysis of Epidemic Drivers,HIV,Compartmental,Deterministic model ,Not reported ,Not reported,No
3014,https://doi.org/10.1016/j.idm.2018.10.002,2018,Comparison of different strategies for controlling HIV/AIDS spreading in MSM,HIV,Compartmental,Not reported,Not reported ,Matlab,No
3009,https://doi.org/10.1016/j.idm.2018.04.001,2018,The influence of mobility among high-risk populations on HIV transmission in Western Kenya,HIV,Individual-based,Stochastic model,Not reported ,Not reported,No
3008,https://doi.org/10.1016/j.idm.2018.03.005,2018,Assessing the utility of the tipping point ratio to monitor HIV
treatment programmes in the era of universal access to ART,HIV,Compartmental,Not reported,Not reported ,Not reported,No
2999,https://doi.org/10.1186/s12916-018-1037-3,2018,Small contribution of gold mines to the ongoing tuberculosis epidemic in South Africa: a modeling-based study,HIV; TB,Individual-based,Stochastic model,Not reported ,Not reported,No
2966,https://doi.org/10.1371/journal.pcbi.1007083,2019,Bridging the gap between HIV epidemiology and antiretroviral resistance evolution: Modelling the spread of resistance in South Africa,HIV,Compartmental,Deterministic model ,Not reported ,R,Yes
2949,https://doi.org/10.1186/s12916-019-1384-8,2019,Informing decision-making for universal access to quality tuberculosis diagnosis in India: an economic-epidemiological model,TB,Individual-based,Stochastic model,Not reported ,Not reported,No
2872,https://doi.org/10.1371/journal.pone.0242491,2020,Evidence-based modeling of combination control on Kenyan youth HIV/AIDS dynamics,HIV,Compartmental,Deterministic model ,Not reported ,Matlab,Yes
2793,https://doi.org/10.1016/j.amc.2022.126983,2022,Global analysis of tuberculosis dynamical model and optimal control strategies based on case data in the United States,TB,Compartmental,Not reported,Not reported ,Not reported,No
2756,10.1002/jia2.25495,2020,Integrating HIV pre-exposure prophylaxis and harm reduction among men who have sex with men and transgender women to address intersecting harms associated with stimulant use: a modelling study,HIV,Compartmental,Not reported,Not reported ,Matlab,Yes
2742,http://dx.doi.org/10.1136/bmjgh-2020-004292,2020,Modelling the impact of rapid diagnostic tests on Plasmodium vivax malaria in South Korea: a cost–benefit analysis,Malaria,Compartmental,Not reported,Not reported ,Not reported,No
2740,https://doi.org/10.1080/23737484.2020.1731724,2020,Cost-effective modeling of the transmission dynamics of malaria: A case study in Bangladesh,Malaria,Not reported,Not reported,Not reported ,Not reported,No
2734,https://doi.org10.1097/OLQ.0000000000001485
,2021,Effects of Condom Use on Human Immunodeficiency Virus Transmission Among Adolescent Sexual Minority Males in the United States: A Mixed Epidemiology and Epidemic Modeling Study,HIV,Individual-based,Stochastic model,Not reported ,Not reported,No
2717,https://doi.org/10.12688/gatesopenres.13278.2,2022, The impact of condom use on the HIV epidemic,HIV,Not reported,Not reported,Link reported and accessible,Other ,No
2710,https://doi.org/10.1155/2020/4513854,2020,Modelling the Transmission Dynamics of Tuberculosis in the Ashanti Region of Ghana,TB,Compartmental,Other: Both deterministic and stochastic ,Not reported ,Not reported,No
2701,https://onlinelibrary.wiley.com/doi/10.1002/mma.6979,2020,Optimal strategies for mitigating the HIV/AIDS epidemic in the Philippines,HIV,Compartmental,Deterministic model ,Not reported ,Matlab,No
2690,https://doi.org/10.29089/2021.21.00185,2021,The impact of active case finding among high-risk populations on the decline of tuberculosis incidence,TB,Compartmental,Not reported,Not reported ,Matlab,Yes
2664,http://dx.doi.org/10.11145/j.biomath.2021.10.029 ,2021,Some mathematical tools for modelling malaria: a subjective survey,Malaria,Compartmental,Deterministic model ,Not reported ,Matlab,Yes
2644,https://doi.org/10.1080/25742558.2018.1475590,2018,Mathematical modelling of the impact of testing, treatment and control of HIV transmission in Kenya,HIV,Compartmental,Deterministic model ,Not reported ,Matlab,No
2628,https://doi.org/10.1080/09540121.2019.1679704,2020,Predicting the long-term impact of voluntary medical male circumcision on HIV incidence among men who have sex with men in Beijing, China,HIV,Compartmental,Deterministic model ,Not reported ,Not reported,No
2598,Not reported,2021,Modeling the impact of case detection on the transmission dynamics of tuberculosis,TB,Compartmental,Not reported,Not reported ,Not reported,No
2574,https://doi.org/10.1080/09540121.2022.2147478,2023,Assessing the individual benefits of reducing HIV diagnosis delay and increasing
adherence to HIV care and treatment,HIV,Compartmental,Stochastic model,Not reported ,Not reported,No
2561,https://doi.org/10.1016/S2214-109X(23)00206-1,2023,Strengthening the HIV prevention cascade to maximise epidemiological impact in eastern Zimbabwe: a modelling study,HIV,Individual-based,Stochastic model,Link reported and accessible,R; Python,No
2550,https:/doi.org/10.46481/jnsps.2023.1389,2023,Understanding the Transmission Dynamics and Control of HIV Infection: A Mathematical Model Approach,HIV,Compartmental,Deterministic model ,Not reported ,Not reported,No
2542,https://doi.org/10.58997/ejde.2022.28,2022,MATHEMATICAL MODELS FOR THE TRANSMISSION OF MALARIA WITH SEASONALITY AND IVERMECTIN,Malaria,Compartmental,Not reported,Not reported ,Not reported,No
2507,https://doi.org/10.3346/jkms.2018.33.e59,2018,Cost-Benefit Analysis of Malaria Chemoprophylaxis and Early Diagnosis for Korean Soldiers in Malaria Risk Regions,Malaria,Compartmental,Deterministic model ,Not reported ,Not reported,No
2470,https://doi.org/10.3346/jkms.2022.37.e212,2022,Cost-Benefit Analysis of Tafenoquine for Radical Cure of Plasmodium vivax Malaria in Korea,Malaria,Compartmental,Not reported,Not reported ,Not reported,No
2441,https://doi.org/10.1038/s41467-022-28145-7,2022,The neglected role of relative humidity in the interannual variability of urban malaria in Indian cities.,Malaria,Compartmental,Stochastic model,Link reported and accessible,R,Yes
2439,https://doi.org/10.1016/S2542-5196(21)00296-5,2022,Optimising the deployment of vector control tools against malaria: a data-informed modelling study,Malaria,Compartmental,Stochastic model,Not reported ,R,Yes
2437,https://doi.org/10.1038/s41598-022-07536-2,2022,Mathematical analysis of a two‑strain tuberculosis model in Bangladesh,TB,Compartmental,Deterministic model ,Not reported ,Matlab,No
2431,https://doi.org/10.1038/s41598-022-10488-2,2022,Characterizing tuberculosis transmission dynamics in high-burden urban and rural settings.,TB,Individual-based,Stochastic model,Link reported and accessible,R,No
2425,https://doi.org/10.1038/s43856-022-00073-z,2022,Malaria elimination on Hainan Island despite climate change,Malaria,Compartmental,Not reported,Not reported ,Matlab,Yes
2421,https://doi.org/10.1038/s41598-022-18135-6,2022,Heterogeneous impact of Covid‑19 response on tuberculosis burden by age group,TB,Compartmental,Deterministic model ,Not reported ,Not reported,No
2412,https://doi.org/10.1016/j.idm.2022.07.005,2022,Evaluation of TB elimination strategies in Canadian Inuit populations: Nunavut as a case study,TB,Individual-based,Not reported,Link reported and accessible,Not reported,No
2410,https://doi.org/10.1371/journal.pmed.1004155,2023,The cost and cost-effectiveness of novel
tuberculosis vaccines in low- and middle-
income countries: A modeling study,TB,Not reported,Not reported,Link reported and accessible,R,Yes
2404,https://doi.org/10.1038/s41467-023-35939-w,2023,Projected health impact of post-discharge malaria chemoprevention among children with severe malarial anaemia in Africa,Malaria,Compartmental,Deterministic model ,Link reported and accessible,R,Yes
2393,https://doi.org/10.1136/bmjgh-2023-012306,2023,Population-level health and economic impacts of introducing Vaccae vaccination in China: a modelling study,TB,Compartmental,Not reported,Not reported ,R,Yes
2384,https://doi.org/10.4103/ijcm.ijcm_160_23,2023,Estimating the Burden of Tuberculosis in India: A Modelling Study,TB,Compartmental,Deterministic model ,Not reported ,Not reported,No
2373,https://doi.org/10.1093/cid/ciad557,2024,The impact of preventive treatment for multidrug- and rifampin-resistant tuberculosis exceeds trial-based estimates,TB,Individual-based,Stochastic model,Not reported ,R,Yes
2366,https://doi.org/10.1371/journal.pone.0293519,2023,Spatially-targeted tuberculosis screening has limited impact beyond household contact tracing in Lima, Peru: A model-based analysis,TB,Individual-based,Not reported,Not reported ,R,No
2358,https://doi.org/10.1140/epjp/s13360-023-04754-z,2023,A tuberculosis model incorporating the impact of information, saturated treatment and multiple reinfections,TB,Compartmental,Not reported,Not reported ,Matlab,No
2353,https://doi.org/10.1371/journal.pone.0192282,2018,Latent tuberculosis infection in foreign-born communities: Import vs. transmission in The Netherlands derived through mathematical modelling.,TB,Compartmental,Deterministic model ,Not reported ,Not reported,No
2351,https://doi.org/10.3346/jkms.2018.33.e59,2018,Cost-Benefit Analysis of Malaria Chemoprophylaxis and Early Diagnosis for Korean Soldiers in Malaria Risk Regions,Malaria,Compartmental,Deterministic model ,Not reported ,Not reported,No
2346,NA,2018,Modelling the impact of climatic variables on
malaria transmission,Malaria,Compartmental,Deterministic model ,Not reported ,Not reported,No
2344,10.1073/pnas.1720606115,2018,Data-driven model for the assessment of Mycobacterium tuberculosis transmission in evolving demographic structures,TB,Compartmental,Not reported,Not reported ,C++,Yes
2326,https://doi.org/10.1371%2Fjournal.pcbi.1011931,2018,Mathematical modelling of the impact of expanding levels of malaria control interventions on Plasmodium vivax.,Malaria,Individual-based,Stochastic model,Link reported and accessible,C++,No
2324,http://dx.doi.org/10.1098/rsos.180887,2018,The role of geospatial hotspots in the spatial spread of tuberculosis in rural Ethiopia: a mathematical model,TB,Compartmental,Not reported,Link reported and accessible,R; Matlab,Yes
2323,https://doi.org/10.1016/j.vaccine.2018.08.019,2018,Modelling the effect of discontinuing universal Bacillus Calmette-Guérin vaccination in an intermediate tuberculosis burden setting,TB,Compartmental,Deterministic model ,Not reported ,Matlab,No
2318,https://doi.org/10.1016/j.jtbi.2018.06.001,2018,Modeling the impact of biolarvicides on malaria transmission,Malaria,Compartmental,Not reported,Not reported ,Not reported,No
2315,https://doi.org/10.1016/j.chaos.2018.09.039,2018,A new fractional model for tuberculosis with relapse via Atangana–Baleanu derivative,TB,Compartmental,Not reported,Not reported ,Not reported,No
2312,https://doi.org/10.1142/S0218339018500249,2018,Evaluation of the tuberculosis transmission of drug-resistant strains in mainland China,TB,Compartmental,Not reported,Not reported ,Not reported,No
2293,http://dx.doi.org/10.1098/rsos.180999,2019,Multiple exposures, reinfection and risk of progression to active tuberculosis,TB,Other,Not reported,Link reported and accessible,Not reported,No
2290, https://doi.org/10.1038/s41598-019-41256-4 ,2019,Mathematical modelling of the impact of treating latent tuberculosis infection in the elderly in a city with intermediate tuberculosis burden,TB,Compartmental,Deterministic model ,Not reported ,R,No
2285,https://doi.org/10.4103/ijmr.ijmr_1901_18,2019,Strategies for ending tuberculosis in the South-East Asian Region: A modelling approach.,TB,Compartmental,Not reported,Not reported ,Not reported,No
2274,https://doi.org/10.3390/tropicalmed4020071,2019,Strategic Planning for Tuberculosis Control in the Republic of Fiji,TB,Compartmental,Not reported,Not reported ,Not reported,No
2243,https://doi.org/10.1016/j.apm.2019.07.003,2019,The global dynamics for an age-structured tuberculosis transmission model with the exponential progression rate,TB,Compartmental,Not reported,Not reported ,Matlab,No
2242,
https://doi.org/10.1016/j.matcom.2019.03.012,2019,Modeling and analysis of Tuberculosis (TB) in Khyber Pakhtunkhwa, Pakistan,TB,Compartmental,Not reported,Not reported ,Not reported,No
2233,https://doi.org/10.1186/s12916-019-1452-0,2019,Profiling Mycobacterium tuberculosis transmission and the resulting disease burden in the five highest tuberculosis burden countries,TB,Individual-based,Stochastic model,Not reported ,Not reported,No
2228,https://doi.org/10.1016/j.cnsns.2019.104920,2019,Simple criss-cross model of epidemic for heterogeneous populations,TB,Compartmental,Deterministic model ,Not reported ,Not reported,No
2214,https://doi.org/10.1186/s12889-019-8141-y,2020,Advocating an attack against severe malaria: a cost-effectiveness analysis,Malaria,Compartmental,Not reported,Not reported ,Not reported,No
2213,https://doi.org/10.1371/journal.pone.0227919,2020,A mathematical model for assessing the effectiveness of controlling relapse in Plasmodium vivax malaria endemic in the Republic of Korea,Malaria,Compartmental,Not reported,Link reported and accessible,Matlab,Yes
2211,https://doi.org/10.1016/j.mbs.2019.108304,2020,Assessing the role of human mobility on malaria transmission,Malaria,Compartmental,Stochastic model,Link reported and accessible,R,Yes
2205,
http://doi.org/10.3934/dcdss.2020055,2020,A FRACTIONAL MODEL
FOR THE DYNAMICS OF TUBERCULOSIS
(TB) USING ATANGANA-BALEANU DERIVATIVE,TB,Compartmental,Not reported,Not reported ,Not reported,No
2197,https://doi.org/10.1088/1748-9326/ab7520,2020,Increased risk of malaria transmission with warming temperature in the Ethiopian Highlands,Malaria,Individual-based,Not reported,Not reported ,R; Python; Matlab,No
2193,https://doi.org/10.1007/s00285-020-01503-z ,2020,Long-lasting insecticidal nets and the quest for malaria eradication: a mathematical modeling approach,Malaria,Compartmental,Deterministic model ,Not reported ,Not reported,No
2155,https://doi.org/10.1371/journal.pmed.1003456,2020,Trade-offs between cost and accuracy in active case finding for tuberculosis: A dynamic modelling analysis.,TB,Compartmental,Deterministic model ,Not reported ,Not reported,No
2137,https://doi.org/10.1371/journal.pntd.0008736,2021,A mathematical model for zoonotic transmission of malaria in the Atlantic Forest: Exploring the effects of variations in vector abundance and acrodendrophily,Malaria,Compartmental,Deterministic model ,Not reported ,R,Yes
2131,https://doi.org/10.1038/s41598-021-83768-y,2021,Scenario analysis for programmatic tuberculosis control in Bangladesh: a mathematical modelling study,TB,Compartmental,Deterministic model ,Not reported ,Not reported,No
2128,https://doi.org/10.1186/s12936-021-03653-x,2021,Cost-effectiveness of district-wide seasonal  malaria chemoprevention when implemented through routine malaria control programme in Kita, Mali using fixed point distribution,Malaria,Individual-based,Not reported,Link reported and accessible,Not reported,No
2122,https://doi.org/10.1007/s00285-021-01595-1 ,2021,Analysis of an age-structured tuberculosis model with treatment and relapse,TB,Compartmental,Not reported,Not reported ,Not reported,Yes
2098,10.1186/s12936-021-03893-x,2021,Quantifying malaria acquired during travel and its role in malaria elimination on Bioko Island,Malaria,Individual-based,Stochastic model,Link reported and accessible,Not reported,No
2093,10.1016/j.rinp.2021.104739,2021,A fractional dynamics of tuberculosis (TB) model in the frame of generalized Atangana–Baleanu derivative,TB,Compartmental,Not reported,Not reported ,Matlab; Other ,No
2088,http://dx.doi.org/10.1136/bmjgh-2021-006114,2021,Engaging with the private healthcare sector for the control of tuberculosis in India: cost and cost-effectiveness,TB,Compartmental,Not reported,Not reported ,Not reported,No
2084,https://doi.org/10.1016/j.chaos.2021.111476,2021,Understanding the effects of individual awareness and vector controls on malaria transmission dynamics using multiple optimal control,Malaria,Compartmental,Not reported,Not reported ,Matlab,No
2083,https://doi.org/10.1016/j.matcom.2021.09.021,2022,Modelling and analysis of human-mosquito malaria transmission dynamics in Bangladesh,Malaria,Compartmental,Deterministic model ,Not reported ,Matlab,Yes
2078,10.1371/journal.pone.0257242,2021,The impact of active case finding on transmission dynamics of tuberculosis: A modelling study,TB,Not reported,Not reported,Not reported ,Not reported,No
2061,https://doi.org/10.1016/j.mbs.2021.108750,2021,Using observed incidence to calibrate the transmission level of a mathematical model for Plasmodium vivax dynamics including case management and importation,Malaria,Compartmental,Deterministic model ,Link reported and accessible,R,No
2059,http://doi.org/10.1111/eva.13331,2021,Modeling impact and cost-effectiveness of driving-Y gene drives for malaria elimination in the Democratic Republic of the Congo,Malaria,Individual-based,Stochastic model,Link reported and accessible,Python,No
2058,https://doi.org/10.1186/s12879-022-07067-1,2022,Estimating tuberculosis drug resistance amplification rates in high-burden settings,TB,Compartmental,Deterministic model ,Link reported and accessible,Python,No
2052,https://doi.org/10.1093/cid/ciac121,2022,Model-based Analysis of Tuberculosis Genotype Clusters in the United States Reveals High Degree of Heterogeneity in Transmission and State-level Differences Across California, Florida, New York, and Texas,TB,Compartmental,Not reported,Not reported ,Not reported,No
2048,https://doi.org/10.1093/ije/dyac045,2022,Estimating the long-term effects of mass screening for latent and active tuberculosis in the Marshall Islands,TB,Compartmental,Deterministic model ,Link reported and accessible,Not reported,No
2047,https://doi.org/10.1186/s13662-022-03700-0,2022,A noninteger order SEITR dynamical model for TB,TB,Compartmental,Not reported,Not reported ,Not reported,No
2046,
https://doi.org/10.1371/journal.pcbi.1010002,2022,Updating age-specific contact structures to match evolving demography in a dynamic mathematical model of tuberculosis vaccination,TB,Compartmental,Deterministic model ,Link reported and accessible,R; Julia,No
2040,https://doi.org/10.1016/j.jgar.2022.03.018,2022,Prediction of different interventions on the burden of drug-resistant tuberculosis in China: a dynamic modelling study,TB,Compartmental,Not reported,Not reported ,Matlab,No
2039,https://doi.org/10.1371/journal.pcbi.1010161,2022,Inference and dynamic simulation of malaria using a simple climate-driven entomological model of malaria transmission,Malaria,Compartmental,Not reported,Not reported ,R,No
2020, https://doi.org/10.3390/
tropicalmed7100263,2022,Assessing the Impact of Relapse, Reinfection and Recrudescence
on Malaria Eradication Policy: A Bifurcation and Optimal
Control Analysis,Malaria,Compartmental,Not reported,Not reported ,Matlab,No
2016,http://doi.org/10.1142/S0218339022500309,2022,OPTIMAL CONTROL ANALYSIS OF A TUBERCULOSIS MODEL,TB,Compartmental,Not reported,Not reported ,Matlab,No
2007,https://doi.org/10.1098/rsos.220685,2022,An evolutionary game model of individual choices and bed net use: elucidating key
aspect in malaria elimination strategies,Malaria,Compartmental,Deterministic model ,Not reported ,Not reported,No
2005,doi: 10.1016/S2214-109X(22)00416-8,2022,Seasonal use case for the RTS,S/AS01 malaria vaccine: a mathematical modelling study,Malaria,Individual-based,Stochastic model,Not reported ,R,No
1995,https://doi.org/10.1137/21M1464427,2023,
MODELING IMMUNITY TO MALARIA WITH AN
AGE-STRUCTURED PDE FRAMEWORK,Malaria,Compartmental,Not reported,Link reported and accessible,Matlab,No
1990,http://doi.org/10.3934/dcdsb.2023003,2023,MODELLING OF A DRUG RESISTANT TUBERCULOSIS FOR THE CONTRIBUTION OF RESISTANCE AND RELAPSE IN XINJIANG, CHINA,TB,Compartmental,Not reported,Not reported ,Not reported,No
1983,https://doi.org/10.1002/mma.9160,2023,A tuberculosis model with early and late latency, imperfect vaccination, and relapse: An application to China,TB,Compartmental,Not reported,Not reported ,Matlab,No
1982,https://doi.org/10.1016/j.epidem.2023.100678 ,2023,Demonstrating multi-country calibration of a tuberculosis model using new history matching and emulation package - hmer,TB,Compartmental,Deterministic model ,Not reported ,R,Yes
1976,https://doi.org/10.1186/s12936-023-04564-9,2023,Perennial malaria chemoprevention with and without malaria vaccination to reduce malaria burden in young children: a modelling analysis,Malaria,Individual-based,Stochastic model,Link reported and accessible,R; Python,No
1970,https://doi.org/10.1038/s41598-023-33868-8,2023,Malaria, climate variability, and interventions: modelling transmission dynamics,Malaria,Compartmental,Stochastic model,Not reported ,R,Yes
1966,https://doi.org/10.1016/j.lana.2023.100511

,2023,Accelerating towards P. vivax elimination with a novel serological test-and-treat strategy: a modelling case study in Brazil,Malaria,Individual-based,Stochastic model,Link reported and accessible,Not reported,No
1961,https://doi.org/10.3349/ymj.2022.0624,2023,Cost-Effectiveness of Age-Expanding Strategy of Latent Tuberculosis Infection Treatment in Household Contacts in South Korea,TB,Compartmental,Deterministic model ,Not reported ,Not reported,No
1960,https://doi.org/10.1007/s00285-023-01927-3,2023,Treatment strategies for the latent tuberculosis infections,TB,Compartmental,Not reported,Not reported ,Not reported,No
1958,10.3390/fractalfract7070538 ,2023,Mathematical Identification Analysis of a Fractional-Order Delayed Model for Tuberculosis,TB,Compartmental,Deterministic model ,Not reported ,Matlab,No
1957,https://doi.org/10.3390/computation11070146,2023,Analysis of the Dynamics of Tuberculosis in Algeria Using
a Compartmental VSEIT Model with Evaluation of the
Vaccination and Treatment Effects,TB,Compartmental,Not reported,Not reported ,Matlab,No
1954,https://doi.org/10.1136/bmjgh-2023-012799,2023,Is neglect of self-clearance biasing TB vaccine impact estimates?,TB,Compartmental,Deterministic model ,Not reported ,R,Yes
1953,https://doi.org/10.1186/s12889-023-16425-w,2023,A social network analysis model approach to understand tuberculosis transmission in remote rural Madagascar,TB,Individual-based,Stochastic model,Not reported ,R,Yes
1951,https://doi.org/10.1186/s12916-023-02785-y,2023,Tabby2: a user-friendly web tool for forecasting state-level TB outcomes in the United States,TB,Compartmental,Not reported,Link reported and accessible,R; C++,No
1949,https://doi.org/10.3390/axioms12090805,2023,Global Dynamics of an Age-Structured Tuberculosis Model with Vaccine Failure and Nonlinear Infection Force,TB,Compartmental,Not reported,Not reported ,Matlab,Yes
1942,http://dx.doi.org/10.1136/bmjopen-2022-062123,2023,Quantifying the potential epidemiological impact of a 2-year active case finding for tuberculosis in rural Nepal: a model-based analysis,TB,Compartmental,Not reported,Link reported and accessible,R,No
1937,https://doi.org/10.1080/17513758.2023.2199766,2023,Optimal control and cost-effectiveness analysis of age-structured malaria model with asymptomatic carrier and temperature variability.,Malaria,Compartmental,Deterministic model ,Not reported ,Matlab,No
1922,https://doi.org/10.1016/j.jtbi.2018.01.026,2018,Mathematical model and intervention strategies for mitigating tuberculosis in the Philippines,TB,Compartmental,Not reported,Not reported ,Matlab,Yes
1919,https://doi.org/10.1007/s11587-017-0350-z,2018,The effect of immigrant communities coming from higher incidence tuberculosis regions to a host country,TB,Compartmental,Not reported,Not reported ,Matlab,Yes
1913,https://doi.org/10.1093%2Faje%2Fkwy094,2018,Prospects for Tuberculosis Elimination in the United States: Results of a Transmission Dynamic Model,TB,Compartmental,Deterministic model ,Not reported ,R; C++,No
1902,https://doi.org/10.1186/s12889-019-6544-4,2019,Epidemiological characteristics of pulmonary tuberculosis in mainland China from 2004 to 2015: a model-based analysis,TB,Not reported,Not reported,Not reported ,Matlab,No
1900,https://doi.org/10.1016/j.jtbi.2018.12.033,2019,Analysis of a vector-bias malaria transmission model with application to Mexico, Sudan and Democratic Republic of the Congo,Malaria,Compartmental,Not reported,Not reported ,Matlab,No
1897,https://doi.org/10.1016/j.amc.2018.11.001,2019,Effects of climate change on Plasmodium vivax malaria transmission dynamics: A mathematical modeling approach,Malaria,Compartmental,Not reported,Not reported ,Not reported,No
1896,https://www.aimsciences.org/article/doi/10.3934/dcdsb.2019089,2019,SIS CRISS-CROSS MODEL OF TUBERCULOSIS IN HETEROGENEOUS POPULATION,TB,Compartmental,Not reported,Not reported ,Not reported,No
1888,https://doi.org/10.1016/j.ecoinf.2019.101006,2019,Developing an agent-based model for simulating the dynamic spread of Plasmodium vivax malaria: A case study of Sarbaz, Iran,Malaria,Individual-based,Stochastic model,Not reported ,Not reported,No
1873,https://doi.org/10.1016/j.chaos.2018.09.001,2020,A FRACTIONAL MODEL FOR THE DYNAMICS OF TUBERCULOSIS INFECTION USING
CAPUTO-FABRIZIO DERIVATIVE,TB,Compartmental,Not reported,Not reported ,Not reported,No
1871,https://doi.org/10.1186/s12976-020-00124-9,2020,Modeling and dynamic analysis of tuberculosis in mainland China from 1998 to 2017: the effect of DOTS strategy and further control,TB,Compartmental,Deterministic model ,Not reported ,Not reported,No
1866,https://doi.org/10.1186/s12889-020-09260-w,2020,The prevention and control of tuberculosis: an analysis based on a tuberculosis dynamic model derived from the cases of Americans,TB,Compartmental,Not reported,Not reported ,Matlab,No
1864,https://doi.org/10.1016/j.ijid.2020.05.082,2020,Shorter antibiotic regimens impact the control efforts in high tuberculosis burden regions of Taiwan,TB,Compartmental,Not reported,Not reported ,Other ,No
1863,https://doi.org/10.1016/j.tmaid.2020.101792,2020,The risk of malaria infection for travelers visiting the Brazilian Amazonian region: A mathematical modeling approach,Malaria,Compartmental,Not reported,Not reported ,Not reported,No
1861,https://doi.org/10.1016/j.eclinm.2020.100603,2020,The potential impact of the COVID-19 pandemic on the tuberculosis epidemic a modelling analysis,TB,Compartmental,Deterministic model ,Not reported ,Not reported,No
1859,https://doi.org/10.1186/s12936-020-03496-y,2020,Accounting for regional transmission  variability and the impact of malaria control  interventions in Ghana: a population level mathematical modelling approach,Malaria,Compartmental,Not reported,Not reported ,Not reported,No
1858,10.1164/rccm.202003-0526OC,2020,Impact of Effective Global Tuberculosis Control on Health and
Economic Outcomes in the United States,TB,Compartmental,Deterministic model ,Not reported ,R; C++,Yes
1853,https://dx.doi.org/10.3390/ijerph18010076 ,2020,Targeting Malaria Hotspots to Reduce Transmission Incidence in Senegal,Malaria,Compartmental,Deterministic model ,Not reported ,R,Yes
1849,https://doi.org/10.1097/EDE.0000000000001271,2021,Time Since Infection and Risks of Future Disease for Individuals with Mycobacterium tuberculosis Infection in the United States,TB,Compartmental,Not reported,Not reported ,Not reported,No
1848,http://dx.doi.org/10.1136/bmjgh-2020-004292,2021,Modelling the impact of rapid diagnostic tests on Plasmodium vivax malaria in South Korea: a cost–benefit analysis,Malaria,Compartmental,Not reported,Not reported ,Not reported,No
1847,https://doi.org/10.2196%2F24830,2021,Assessment of Strategies and Epidemiological Characteristics of Tuberculosis in Henan Province, China: Observational Study.,TB,Compartmental,Not reported,Not reported ,Not reported,No
1846,https://doi.org/10.28919/cmbn/6059,2021,AN OPTIMAL CONTROL PROBLEM OF MALARIA MODEL WITH SEASONALITY EFFECT USING REAL DATA,Malaria,Compartmental,Not reported,Not reported ,Not reported,No
1844,https://doi.org/10.1080/13873954.2021.1881560,2021,Analysing of Tuberculosis in Turkey through SIR, SEIR and BSEIR Mathematical Models,TB,Compartmental,Not reported,Not reported ,Matlab,No
1842,https://doi.org/10.1007/s12190-020-01469-7,2021,Modeling the transmission dynamics of malaria with saturated treatment: a case study of India,Malaria,Compartmental,Not reported,Not reported ,R,No
1838,https://doi.org/10.1186/s12916-021-01932-7,2021,The epidemiologic impact and cost-effectiveness of new tuberculosis vaccines on multidrug-resistant tuberculosis in India and China,TB,Compartmental,Deterministic model ,Not reported ,R,Yes
1836,https://doi.org/10.3390/vaccines9030245,2021,Affordability of Adult Tuberculosis Vaccination in India and China: A Dynamic Transmission Model-Based Analysis,TB,Compartmental,Deterministic model ,Not reported ,Not reported,No
1828,https://doi.org/10.3390/math9080804,2021,Age-Specific Mathematical Model for Tuberculosis Transmission Dynamics in South Korea,TB,Compartmental,Deterministic model ,Not reported ,Matlab,Yes
1826,https://doi.org/10.1186/s12916-021-01968-9,2021,The positive externalities of migrant-based TB control strategy in a Chinese urban population with internal migration: a transmission-dynamic modeling study,TB,Compartmental,Not reported,Link reported and accessible,R; C++,No
1822,http://doi.org/0.1177/0272989X211007842,2021,Representing Tuberculosis Transmission with
Complex Contagion: An Agent-Based
Simulation Modeling Approach,TB,Individual-based,Stochastic model,Not reported ,C++,No
1799,https://doi.org/10.1016/j.chaos.2018.09.001,2018,A fractional model for the dynamics of TB virus,TB,Compartmental,Not reported,Not reported ,Not reported,No
1782,http://doi.org/10.1016/j.idm.2022.10.005,2022,MATHEMATICAL MODELS FOR THE TRANSMISSION OF MALARIA WITH SEASONALITY AND IVERMECTIN,Malaria,Compartmental,Not reported,Not reported ,Not reported,No
1754,https://doi.org/10.1016/j.idm.2022.06.007,2022,Mathematical modelling of the progression of active tuberculosis: Insights from fluorography data,TB,Compartmental,Not reported,Not reported ,Not reported,No
1751,https://doi.org/10.1098/rsif.2022.0413,2022,Variance-based sensitivity analysis of
tuberculosis transmission models,TB,Compartmental,Not reported,Link reported and accessible,R,Yes
1747,https://doi.org/10.1016/j.idm.2022.10.005,2022,A mathematical model for the dynamics and control of malaria in Nigeria,Malaria,Compartmental,Deterministic model ,Not reported ,Matlab,Yes
1745,https://doi.org/10.1186/s40249-022-01046-z,2022,Transmissibility of tuberculosis among students and non-students: an occupational-specific mathematical 
modelling,TB,Compartmental,Not reported,Not reported ,Other ,No
1744,https://doi.org/10.32604/cmes.2020.08208,2020,A Discrete Model of TB Dynamics in Khyber Pakhtunkhwa-Pakistan,TB,Compartmental,Not reported,Not reported ,Not reported,No
1725,https://doi.org/10.1371/journal.pone.0230964,2020,Country-specific intervention strategies for top three TB burden countries using mathematical model,TB,Compartmental,Not reported,Not reported ,Matlab,Yes
1722,https://doi.org/10.1016/j.vaccine.2023.04.011,2023,Modelling the relative cost-effectiveness of the RTS,S/AS01 malaria vaccine compared to investment in vector control or chemoprophylaxis,Malaria,Individual-based,Not reported,Link reported and accessible,R; C++,Yes
1718,http://doi.org/10.3390/computation11070143,2023,Mathematical Modelling of Tuberculosis Outbreak in an East African Country Incorporating Vaccination and Treatment,TB,Compartmental,Deterministic model ,Not reported ,Python,No
1711,https://doi.org/10.1186/s12916-023-02992-7,2023,New tuberculosis vaccines in India: modelling the potential health and economic impacts of adolescent/adult vaccination with M72/AS01E and BCG-revaccination,TB,Compartmental,Not reported,Link reported and accessible,R,Yes
1700,https://doi.org/10.1007/s00285-023-01999-1 ,2023,Global dynamics of a tuberculosis model with age-dependent latency and time delays in treatment,TB,Compartmental,Not reported,Not reported ,Not reported,No
1673,https://doi.org/10.1371/journal.pmed.1003535,2021,Estimated impact of tafenoquine for Plasmodium vivax control and elimination in Brazil: A modelling study,Malaria,Individual-based,Stochastic model,Link reported and accessible,R; C++,No
1628,https://doi.org/10.1155/2021/9512371,2021,Mathematical Analysis of the TB Model with Treatment via Caputo-Type Fractional Derivative,TB,Compartmental,Not reported,Not reported ,Not reported,No
1586,http://dx.doi.org/10.1098/rsif.2018.0025,2018,The relative fitness of drug-resistant Mycobacterium tuberculosis: a modelling study of household transmission in Peru,TB,Not reported,Stochastic model,Link reported and accessible,R,No
1570,https://doi.org/10.1177/1687814019854835,2019,Modeling the transmission dynamics of tuberculosis in Khyber Pakhtunkhwa Pakistan,TB,Compartmental,Deterministic model ,Not reported ,Matlab,No
1547,https://doi.org/10.1186/s13662-021-03448-z,2021,Transmission dynamics model of Tuberculosis with optimal control strategies in Haramaya district, Ethiopia,TB,Compartmental,Deterministic model ,Not reported ,Matlab,Yes
1545,https://doi.org/10.1136/bmjgh-2021-005953,2021,Predicting the impact of control strategies on the tuberculosis burden in South and North Korea using a mathematical model,TB,Compartmental,Deterministic model ,Not reported ,Not reported,No
1532,ttps://doi.org/10.1080/17513758.2022.2096935,2022,Modeling malaria transmission in Nepal: impact of imported cases through cross-border mobility,Malaria,Compartmental,Not reported,Not reported ,Matlab,No
1530,https://doi.org/10.1109/ACCESS.2023.3248292,2023,Agent-Based Modeling of Malaria Transmission,Malaria,Individual-based,Stochastic model,Not reported ,Other ,No
1528,https://doi.org/10.1186/s12936-023-04563-w,2023,Application of mathematical modelling to inform national malaria intervention planning in Nigeria,Malaria,Individual-based,Stochastic model,Link reported and accessible,R; Python,No
1524,10.1016/j.imed.2022.09.001,2023,Tuberculosis screening among children and adolescents in China: insights from a mathematical model,TB,Compartmental,Deterministic model ,Not reported ,Not reported,No
1521,https://doi.org/10.1038/s41467-023-39914-3,2023,Preventing antimalarial drug resistance with triple artemisinin-based combination therapies,Malaria,Individual-based,Stochastic model,Link reported and accessible,Not reported,No
1501,https://doi.org/10.1155/2018/9253846,2018,Analyzing Policymaking for Tuberculosis Control in Nigeria,TB,Compartmental,Not reported,Not reported ,Matlab,Yes
1466,https://doi.org/10.1371/journal.pone.0198280,2018,Modelling the effect of bednet coverage on malaria transmission in South Sudan,Malaria,Compartmental,Deterministic model ,Not reported ,R,Yes
1421,https://doi.org/10.1371/journal.pmed.1002737,2019,Evaluating strategies for control of tuberculosis in prisons and prevention of spillover into communities: An observational and modeling study from Brazil.,TB,Compartmental,Not reported,Not reported ,R,No
1407,http://dx.doi.org/10.1016/S2214-109X(18)30452-2,2019,Age-targeted tuberculosis vaccination in China and implications for vaccine development: a modelling study,TB,Compartmental,Deterministic model ,Not reported ,R,Yes
1405,https://doi.org/10.1186/s12916-019-1261-5,2019,The potential impact and cost-effectiveness of tobacco reduction strategies for tuberculosis prevention in Canadian Inuit communities,TB,Compartmental,Not reported,Not reported ,Other ,Yes
1398,https://doi.org/10.1371/journal.pcbi.1009255,2021,Optima TB: A tool to help optimally allocate tuberculosis spending,TB,Compartmental,Deterministic model ,Link reported and accessible,Python,No
1393,https://doi.org/10.1038/s41598-019-39799-7 ,2019,Modelling the impact of effective private provider engagement on tuberculosis control in urban India,TB,Compartmental,Deterministic model ,Not reported ,Not reported,No
1392,http://dx.doi.org/10.1016/ 
S2214-109X(19)30037-3,2019,Assessing tuberculosis control priorities in high-burden settings: a modelling approach,TB,Compartmental,Deterministic model ,Not reported ,C++,No
1351,https://www.aimspress.com/article/10.3934/mbe.2019225,2019,The effect of the needle exchange program on the spread of some sexually transmitted diseases,HIV,Compartmental,Not reported,Not reported ,Other ,Yes
1337,https://doi.org/10.1016/S2214-109X(21)00462-9,2021,Global estimates of paediatric tuberculosis incidence in 2013-19: a mathematical modelling analysis,TB,Not reported,Not reported,Link reported and accessible,R,Yes
1333,https://doi.org/10.1002/sim.9816,2023,Estimating contact network properties by integrating
multiple data sources associated with infectious diseases,HIV,Compartmental,Stochastic model,Link reported and accessible,R,Yes
1307,https://doi.org/10.3389%2Ffpubh.2024.1302688,2019,Modeling the Effects of Vaccination and Treatment on Tuberculosis Transmission Dynamics,TB,Compartmental,Deterministic model ,Not reported ,Matlab,Yes
1303, https://doi.org/10.1038/s41598-019-47645-z 
,2019,Potential population level impact 
on tuberculosis incidence of using 
an mRNA expression signature 
correlate-of-risk test to target 
tuberculosis preventive therapy,TB,Compartmental,Not reported,Not reported ,R,Yes
1291,https://doi.org/10.1002/mma.6156,2018,The dynamics of an age-structured TB transmission model with relapse,TB,Compartmental,Not reported,Not reported ,Not reported,No
1285,https://doi.org/10.1371/journal.pone.0228712,2020,A model-based investigation into urban-rural disparities in tuberculosis treatment outcomes under the Revised National Tuberculosis Control Programme in India,TB,Not reported,Not reported,Not reported ,Not reported,No
1283,https://doi.org/10.1371/journal.pone.0228469,2020,Simulating the council-specific impact of anti-malaria interventions: A tool to support malaria strategic planning in Tanzania,Malaria,Compartmental,Stochastic model,Not reported ,R,Yes
1281,https://doi.org/10.1371/journal.pcbi.1007707,2020,Tracking progress towards malaria elimination in China: Individual-level estimates of transmission and its spatiotemporal variation using a diffusion network approach,Malaria,Individual-based,Stochastic model,Not reported ,R,Yes
1279,https://doi.org/10.1371/journal.pcbi.1007377,2020,Modelling the epidemiology of residual Plasmodium vivax malaria in a heterogeneous host population: A case study in the Amazon Basin,Malaria,Compartmental,Not reported,Not reported ,Matlab,Yes
1277,10.1186/s12879-020-4914-2,2020,Explaining age disparities in tuberculosis burden in Taiwan: a modelling study,TB,Compartmental,Not reported,Not reported ,Not reported,No
1273,https://doi.org/10.1016/S1473-3099(19)30633-4,2020,Ivermectin as a novel complementary malaria control tool to reduce incidence and prevalence: a modelling study,Malaria,Compartmental,Deterministic model ,Not reported ,R,Yes
1259,https://doi.org/10.1371/journal.pone.0209320,2019,Application of provincial data in mathematical modelling to inform sub-national tuberculosis program decision-making in South Africa,TB,Compartmental,Deterministic model ,Link reported but inaccessible,Not reported,No
1254,https://doi.org/10.5588/ijtld.19.0472,2020,Modelling the potential impact of adherence technologies on tuberculosis in India,TB,Compartmental,Deterministic model ,Not reported ,Not reported,No
1244,https://doi.org/10.1186/s40249-020-00696-1,2020,Inference and prediction of malaria transmission dynamics using time series data,Malaria,Not reported,Stochastic model,Not reported ,Not reported,No
1242,https://doi.org/10.1371/journal.pone.0236112,2020,Modeling drug-resistant tuberculosis amplification rates and intervention strategies in Bangladesh,TB,Compartmental,Deterministic model ,Not reported ,Matlab,Yes
1240,https://doi.org/10.1140/epjp/s13360-020-00615-1,2020,Optimal control analysis of tuberculosis (TB) with vaccination and treatment,TB,Compartmental,Deterministic model ,Not reported ,Not reported,No
1239,10.1097/QAI.0000000000002535,2021,Mathematical Model Impact Analysis of a Real-Life Pre-exposure Prophylaxis and Treatment-As-Prevention Study Among Female Sex Workers in Cotonou, Benin,HIV,Compartmental,Deterministic model ,Not reported ,R,No
1237,https://doi.org/10.1016/j.eclinm.2020.100453,2020,Modeling the health impact and cost threshold of long-acting ART for
adolescents and young adults in Kenya,HIV,Compartmental,Not reported,Not reported ,R,No
1233, https://doi.org/10.1371/journal.pmed.1003831,2021,Modeling the epidemiological impact of the UNAIDS 2025 targets to end AIDS as a public health threat by 2030,HIV,Compartmental,Not reported,Not reported ,Not reported,No
1232,https://doi.org/10.1016/S2214-109X(20)30227-8,2020,Cost-effectiveness of post-treatment follow-up examinations and secondary prevention of tuberculosis in a high-incidence setting: a model-based analysis,TB,Compartmental,Stochastic model,Link reported and accessible,Python; C++,No
1227,https://doi.org/10.1093/pubmed/fdz178,2019,Is modelling complexity always needed? Insights from modelling PrEP introduction in South Africa,HIV,Compartmental,Not reported,Not reported ,R,Yes
1222,https://doi.org/10.1126/scitranslmed.aax4607,2020,Potential impact of tuberculosis vaccines in China, South Africa, and India,TB,Compartmental,Deterministic model ,Link reported and accessible,R,Yes
1216,https://doi.org/10.1371/journal.pmed.1003377,2020,Estimated impact of RTS,S/AS01 malaria vaccine allocation strategies in sub-Saharan Africa: A modelling study.,Malaria,Individual-based,Stochastic model,Link reported and accessible,C++,No
1197,https://doi.org/10.1371/journal.pone.0206755,2018,Economic and epidemiologic impact of guidelines for early ART initiation irrespective of CD4 count in Spain,HIV,Compartmental,Deterministic model ,Not reported ,Not reported,No
1196,https://doi.org/10.3934/mbe.2021361,2021,A model of malaria population dynamics with migrants,Malaria,Compartmental,Not reported,Not reported ,Not reported,No
1186,http://dx.doi.org/10.1016/S2214-109X(18)30022-6,2018,Tuberculosis control interventions targeted to previously treated people in a high-incidence setting: a modelling study,TB,Compartmental,Stochastic model,Not reported ,Not reported,No
1185,https://doi.org/10.1016/j.jtbi.2020.110453,2020,Modelling the effects of the contaminated environments on tuberculosis in Jiangsu, China,TB,Compartmental,Not reported,Not reported ,R,No
1183, https://doi.org/10.1038/s41467-020-20731-x,2021,Modelling the global burden of drug-resistant
tuberculosis avertable by a post-exposure vaccine,TB,Compartmental,Not reported,Link reported and accessible,Matlab,No
1182,https://doi.org/10.1186/s12916-018-1047-1,2018,The cost-effectiveness of oral HIV pre-exposure prophylaxis and early antiretroviral therapy in the presence of drug resistance among men who have sex with men in San Francisco,HIV,Compartmental,Not reported,Not reported ,Matlab,No
1179,https://doi.org/10.1097/QAD.0000000000002053,2019,Projected population-wide impact of antiretroviral therapy-linked isoniazid preventive therapy in a high-burden setting,HIV; TB,Compartmental,Not reported,Not reported ,Not reported,No
1173,https://doi.org/10.1371/journal.pone.0217315,2019,Modeling the joint effects of adolescent and adult PrEP for sexual minority males in the United States,HIV,Individual-based,Stochastic model,Link reported and accessible,R; C++,Yes
1169,https://doi.org/10.1097/EDE.0000000000001143,2019,Transmission Modeling with Regression Adjustment for Analyzing Household-based Studies of Infectious Disease: Application to Tuberculosis,TB,Not reported,Stochastic model,Not reported ,Not reported,No
1160,https://doi.org/10.1038/s41598-023-36432-6,2023,Drivers of sex differences in the South African adult tuberculosis incidence and mortality trends, 1990–2019,TB,Compartmental,Deterministic model ,Not reported ,Not reported,No
1159,https://doi.org/10.1016/j.amc.2021.126005,2021,Mathematical analysis of the impact of transmission-blocking drugs on the population dynamics of malaria,Malaria,Compartmental,Deterministic model ,Not reported ,Python,Yes
1155,https://doi.org/10.1371/journal.pcbi.1008850,2021,Novel anti-malarial drug strategies to prevent artemisinin partner drug resistance: A model-based analysis,Malaria,Compartmental,Not reported,Link reported and accessible,Not reported,No
1148,https://doi.org/10.1038/s41467-021-21775-3 ,2021,Predicting the public health impact of a malaria transmission-blocking vaccine,Malaria,Compartmental,Deterministic model ,Link reported and accessible,R,No
1144,https://doi.org/10.1038/s41467-021-21815-y,2021,Malaria trends in Ethiopian highlands track
the 2000 ‘slowdown’ in global warming,Malaria,Compartmental,Stochastic model,Link reported and accessible,R,Yes
1140,https://doi.org/10.1371/journal.pone.0248846,2021,Assessing the impacts of short-course multidrug-resistant tuberculosis treatment in the Southeast Asia Region using a mathematical modeling approach,TB,Compartmental,Deterministic model ,Not reported ,R,Yes
1134, https://doi.org/
10.1371/journal.pcbi.1008830,2021,Using Hawkes Processes to model imported and local malaria cases in near-elimination settings,Malaria,Hawkes Process,Stochastic model,Link reported and accessible,R,Yes
1130,https://doi.org/10.1038%2Fs41598-021-86869-w,2021,Assortative social mixing and sex disparities in tuberculosis burden.,TB,Compartmental,Deterministic model ,Link reported and accessible,Python; Other ,No
1099,10.1111/tmi.13145,2018,How to achieve the global 90-90-90 target by 2020 in sub-Saharan Africa? A mathematical modelling study,HIV,Not reported,Not reported,Not reported ,Other ,No
1097,https://doi.org/10.1016/
S2352-3018(21)00274-5,2021,Costs and impact on HIV transmission of a switch from a criminalisation to a public health approach to injecting drug use in eastern Europe and central Asia: a modelling analysis,HIV,Compartmental,Not reported,Not reported ,Matlab,No
1096,https://doi.org/10.1186/s12936-021-03875-z,2021,Investment case for malaria elimination 
in South Africa: a financing model for resource 
mobilization to accelerate regional malaria elimination,Malaria,Compartmental,Not reported,Not reported ,R; C++,No
1078,https://doi.org/10.1371/journal.pmed.1003466,2020,The potential impact of urine-LAM diagnostics on tuberculosis incidence and mortality: A modelling analysis,TB,Compartmental,Deterministic model ,Link reported but inaccessible,Matlab,No
1072,https://doi.org/10.1038/s41598-018-33570-0,2018,A modeling study of the Danish HIV epidemic in men who have sex with men: travel, pre-exposure prophylaxis and elimination,HIV,Not reported,Not reported,Not reported ,Matlab,No
1071,http://doi.org/10.1177/0272989X17738753,2018,Using Observational Data to Calibrate Simulation Models,HIV,Individual-based,Not reported,Not reported ,Other ,No
1069,https://doi.org/10.1371/journal.pone.0196480,2018,Choice of time horizon critical in estimating costs and effects of changes to HIV programmes,HIV,Individual-based,Stochastic model,Not reported ,Not reported,No
1067,https://doi.org/10.1186/s12879-018-3383-3,2018,Modeling tuberculosis dynamics with the presence of hyper-susceptible individuals for Ho Chi Minh City from 1996 to 2015,TB,Compartmental,Deterministic model ,Not reported ,C++,Yes
1061,https://doi.org/10.1016/j.epidem.2019.100360,2020,Predicting the impact of clustered risk and testing behaviour patterns on the population-level effectiveness of pre-exposure prophylaxis against HIV among gay, bisexual and other men who have sex with men in Greater Vancouver, Canada,HIV,Not reported,Not reported,Not reported ,Python,Yes
1047,https://doi.org/10.1371/journal.pone.0294628,2023,Cost-effectiveness of internet-based HIV screening among gay, bisexual and other men
who have sex with men (GBMSM) in Metro Vancouver, Canada,HIV,Compartmental,Not reported,Not reported ,Python,No
1031,https://doi.org/10.1186/s12916-020-01651-5,2020,The potential impact of preventive therapy against tuberculosis in the WHO South-East Asian Region: a modelling approach,TB,Compartmental,Deterministic model ,Not reported ,Not reported,No
1027,https://doi.org/10.1371/journal.pcbi.1007561,2019,Large benefits to youth-focused HIV treatment-as-prevention efforts in generalized heterosexual populations: An agent-based simulation model,HIV,Individual-based,Stochastic model,Link reported and accessible,R,No
1015,https://doi.org/10.1016/S2352-3018(22)00100-X,2022,HIV incidence and impact of interventions among female sex workers and their clients in the Middle East and north Africa: a modelling study,HIV,Individual-based,Stochastic model,Link reported and accessible,Matlab,No
1014,https://doi.org/10.1038/s41598-019-49109-w ,2019,Optimal HIV testing strategies for South Africa: a model-based evaluation of population-level impact and cost-effectiveness,HIV,Individual-based,Stochastic model,Not reported ,Not reported,No
1009, https://doi.org/10.1002/mma.4940,2018,Parameter inference for HIV stochastic diffusion model in closed heterosexual population,HIV,Compartmental,Stochastic model,Not reported ,Not reported,No
1003,10.1016/S1473-3099(17)30540-6,2018,Cost-effectiveness of pre-exposure prophylaxis for HIV prevention in men who have sex with men in the UK: a modelling study and health economic evaluation,HIV,Individual-based,Stochastic model,Not reported ,Not reported,No
994,https://doi.org/10.1371/journal.pone.0200126,2018,Estimating epidemiological parameters of a stochastic differential model of HIV dynamics using hierarchical Bayesian statistics,HIV,Other,Stochastic model,Link reported and accessible,R,Yes
987,https://doi.org/10.1016/S2352-3018(21)00147-8,2021,Improving health equity and ending the HIV epidemic in the USA: a distributional cost-effectiveness analysis in six cities,HIV,Compartmental,Not reported,Not reported ,Not reported,No
980,doi:10.1016/S2352-3018(18)30097-3,2018,Potential effectiveness of long-acting injectable pre-exposure prophylaxis for HIV prevention in men who have sex with men: A modelling study,HIV,Individual-based,Stochastic model,Not reported ,Python,No
976,https://doi.org/10.1038/s41598-018-24249-7,2018,Couple serostatus patterns in sub-Saharan Africa illuminate the relative roles of transmission rates and sexual network characteristics in HIV epidemiology,HIV,Individual-based,Deterministic model ,Link reported and accessible,R,No
972,https://doi.org/10.1097%2FQAD.0000000000002290,2019,A modeling framework to inform PrEP initiation and retention scale-up in the context of Getting to Zero Initiatives,HIV,Individual-based,Stochastic model,Not reported ,Not reported,No
958,10.1016/S2352-3018(23)00204-7,2023,The effect of combination prevention strategies on HIV 
incidence among gay and bisexual men who have sex with 
men in the UK: a model-based analysis,HIV,Individual-based,Stochastic model,Link reported and accessible,Other ,No
956,https://doi.org/10.1016/j.chaos.2022.112141,2022,Modelling of contact tracing in determining critical community size for infectious diseases,HIV,Compartmental,Deterministic model ,Not reported ,Matlab,No
949,https://doi.org/10.1371/journal.pone.0194220,2018,Influence of model assumptions about HIV disease progression after initiating or stopping treatment on estimates of infections and deaths averted by scaling up antiretroviral therapy.,HIV,Compartmental,Deterministic model ,Not reported ,Other ,Yes
948,https://doi.org/10.1093/jac/dkad186,2023,Modelling the impact of treatment adherence on the transmission of HIV drug resistance,HIV,Compartmental,Not reported,Not reported ,Matlab,No
944,https://doi.org/10.1097/QAI.0000000000002977,2022,Using Microsimulation Modeling to Inform EHE Implementation Strategies in Los Angeles County,HIV,Individual-based,Stochastic model,Not reported ,Matlab,Yes
936,10.1097/QAD.0000000000002419,2020,Potential health gains in West and Central Africa through savings from lower cost HIV treatment,HIV,Compartmental,Not reported,Not reported ,Not reported,No
925,https://doi.org/10.1371/journal.pone.0237433,2020,The differential impacts of non-locally acquired infections and treatment interventions on heterosexual HIV transmission in Hong Kong,HIV,Compartmental,Deterministic model ,Not reported ,R,Yes
910,https://doi.org/10.1371/journal.pone.0259023,2021,The transmission of drug-resistant strains of HIV in heterosexual populations based on genetic sequences,HIV,Compartmental,Not reported,Not reported ,Not reported,No
907,https://doi.org/10.1016/S2352-3018(20)30033-3,2020,Ending the HIV epidemic in the USA: an economic modelling study in six cities,HIV,Compartmental,Not reported,Not reported ,Not reported,No
904,https://doi.org/10.1038/s41598-021-85487-w,2021,Risk compensation after HIV-1 vaccination may accelerate viral adaptation and reduce cost-effectiveness: a modeling study,HIV,Individual-based,Stochastic model,Not reported ,R,Yes
894,https://doi.org/10.1016/j.idm.2020.09.007,2020,Using data from ‘visible’ populations to estimate the size and importance of ‘hidden’ populations in an epidemic: A modelling technique,HIV,Compartmental,Deterministic model ,Not reported ,Not reported,No
892,https://doi.org/10.1016/S2352-3018(18)30176-0,2018,Dynamics of the HIV Outbreak and Response in Scott County, Indiana, 2011-2015: A Modeling Study,HIV,Compartmental,Deterministic model ,Link reported and accessible,R,No
890,https://doi.org/10.1038/s41598-018-24268-4,2018,Projected effectiveness and added value of HIV vaccination campaigns in South Africa: A modeling study,HIV,Compartmental,Deterministic model ,Not reported ,R; Matlab,No
889,doi: 10.1016/S2352-3018(19)30373-X,2020,Effect of expanding opioid agonist therapies on the HIV epidemic and mortality in Ukraine: a modelling study,HIV,Compartmental,Deterministic model ,Not reported ,Matlab,No
885,https://doi.org/10.28919/cmbn/4535,2020,A Stage Structured Model for HIV/AIDS in the Presence of Vertical Transmission: The Case of Ghana,HIV,Compartmental,Deterministic model ,Not reported ,Matlab,No
883,https://doi.org/10.1016/S2468-2667(18)30236-6,2019,The impact and cost-effectiveness of combined HIV prevention scenarios among transgender women sex-workers in Lima, Peru: a mathematical modelling study,HIV,Compartmental,Deterministic model ,Not reported ,Matlab,No
877,https://doi.org/10.1371/journal.pone.0230568,2020,Simulating system dynamics of the HIV care continuum to achieve treatment as prevention,HIV,Other,Not reported,Link reported and accessible,Not reported,No
871,https://doi.org/10.1038/s41598-020-75182-7,2020,New strategies for prevention of HIV among Japanese men who have sex with men: a mathematical model,HIV,Compartmental,Deterministic model ,Not reported ,Matlab,No
868, https://doi.org/10.1002/jia2.26194,2023,Population-level effectiveness of pre-exposure prophylaxis forHIV prevention among men who have sex with men in Montréal (Canada): a modelling study of surveillance and survey data,HIV,Individual-based,Stochastic model,Not reported ,R; C++,Yes
867,http://doi.org/10.1371/journal.pcbi.1009301,2021,PopART-IBM, a highly efficient stochastic individual-based simulation model of generalised HIV epidemics developed in the context of the HPTN 071 (PopART) trial,HIV,Individual-based,Stochastic model,Link reported and accessible,R,Yes
864,https://doi.org/10.1136/bmjopen-2019-033852,2020,Introducing pre-exposure prophylaxis to prevent HIV acquisition among men who have sex with men in Sweden: insights from a mathematical pair 
formation model,HIV,Other,Not reported,Not reported ,Not reported,No
863,https://doi.org/10.1371/journal.pone.0204245,2018,Cost-effectiveness of a combination strategy to enhance the HIV care continuum in Swaziland: Link4Health.,HIV,Compartmental,Stochastic model,Not reported ,C++,No
861,https://doi.org/10.2807/1560-7917.ES.2019.24.14.1800203,2019,Challenges in modelling the proportion of undiagnosed HIV infections in Sweden,HIV,Individual-based,Stochastic model,Not reported ,Not reported,No
859,https://doi.org/10.1038/s41598-021-85154-0,2021,Modelling of HIV prevention and treatment progress in five South African metropolitan districts.,HIV,Not reported,Not reported,Not reported ,Not reported,No
855,https://doi:10.3934/dcdsb.2021037,2022,ANALYSIS OF AN AGE-STRUCTURED MODEL FOR HIV-TB CO-INFECTION,HIV; TB,Compartmental,Not reported,Not reported ,Matlab,No
854,10.1016/S2352-3018(19)30436-9,2020,The effect of 90-90-90 on HIV-1 incidence and mortality in eSwatini: a mathematical modelling study,HIV,Individual-based,Stochastic model,Not reported ,R,No
852,https://doi.org/10.1038/s41598-020-62694-5 ,2020,Potential Impact of Targeted HIV  Pre-Exposure Prophylaxis Uptake Among Male Sex Workers,HIV,Individual-based,Stochastic model,Not reported ,Python,No
845,https://doi.org/10.1097/qai.0000000000002497,2020,Evaluation of 6-Month Versus Continuous Isoniazid Preventive Therapy for Mycobacterium tuberculosis in Adults Living With HIV/AIDS in Malawi,HIV; TB,Compartmental,Not reported,Not reported ,R,No
842,10.1371/journal.pone.0196613,2018,Temporal evolution of HIV sero-discordancy
patterns among stable couples in sub-
Saharan Africa,HIV,Compartmental,Deterministic model ,Not reported ,Matlab,No
831,https://doi.org/10.1016/j.chaos.2022.112879,2022,Dynamics of HIV-TB coinfection model using classical and Caputo piecewise operator: A dynamic approach with real data from South-East Asia, European and American regions,HIV; TB,Not reported,Not reported,Not reported ,Not reported,No
826,https://doi.org/10.1371/journal.pone.0286254,2023,Modeling the future of HIV in Turkey: Cost-effectiveness analysis of improving testing and diagnosis.,HIV,Compartmental,Deterministic model ,Not reported ,Matlab,No
825,https://doi.org/10.1016/j.chaos.2022.113078,2023,A new intervention strategy for an HIV/AIDS transmission by a general fractional modeling and an optimal control approach,HIV,Not reported,Not reported,Not reported ,Not reported,No
819,https://doi.org/10.1371/journal.pone.0215965,2019,Cost-effectiveness of HIV care coordination scale-up among persons at high risk for sub-optimal HIV care outcomes,HIV,Compartmental,Deterministic model ,Not reported ,C++,No
805,https://doi.org/10.1016%2FS2352-3018(18)30168-1,2018,Modelling the potential impact of implementing and scaling-up harm reduction and antiretroviral therapy on HIV and overdose deaths among people who inject drugs in two Russian cities,HIV,Compartmental,Deterministic model ,Not reported ,Matlab,Yes
798,https://doi.org/10.1038/s41598-022-24459-0,2022,Incorporating social determinants  of health into the mathematical modeling of HIV/AIDS,HIV,Compartmental,Not reported,Link reported but inaccessible,Not reported,No
797,https://doi.org/10.1016/S2352-3018(21)00022-9,2021,The potential effect of COVID-19-related disruptions on HIV incidence and HIV-related mortality among men who have sex with men in the USA: a modelling study,HIV,Compartmental,Deterministic model ,Not reported ,R,No
789,10.1097/OLQ.0000000000001366,2021,Estimated Lifetime HIV Related Medical Costs in the United States,HIV,Individual-based,Not reported,Not reported ,Not reported,No
788,https://doi.org/10.1371/journal.pone.0217559,2019,Developing a dynamic HIV transmission model for 6 U.S. cities: An evidence synthesis,HIV,Compartmental,Not reported,Not reported ,Not reported,No
781,https://doi.org/10.1093/aje/kwz038,2019,Estimating the Impact of Tuberculosis Case Detection in Constrained Health Systems: An Example of Case-Finding in South Africa,TB,Compartmental,Not reported,Not reported ,R,Yes
775, https://doi.org/10.1371/journal.pone.0274288,2022,Agent-based model projections for reducing HIV infection among MSM: Prevention and care pathways to end the HIV epidemic in Chicago, Illinois,HIV,Individual-based,Stochastic model,Link reported but inaccessible,Not reported,No
747,https://doi.org/10.1002/jia2.25650,2021,Estimating the contribution of key populations towards HIV transmission in South Africa,HIV,Compartmental,Not reported,Not reported ,Not reported,No
744,https://doi.org/10.1016/S2352-3018(20)30315-5,2021,Trends in knowledge of HIV status and efficiency of HIV testing services in sub-Saharan Africa, 2000-20: a modelling study using survey and HIV testing programme data,HIV,Compartmental,Deterministic model ,Link reported and accessible,R,Yes
742,https://doi.org/10.1002/jia2.26063,2023,Impact and cost-effectiveness of the national scale-up of HIV pre-exposure prophylaxis among female sex workers in South Africa: a modelling analysis,HIV,Compartmental,Not reported,Not reported ,Not reported,No
733,https://doi.org/10.1038/s41467-023-37314-1,2023,Transmission modeling to infer tuberculosis incidence prevalence and mortality in settings with generalized HIV epidemics,HIV; TB,Compartmental,Deterministic model ,Link reported but inaccessible,Not reported,No
723,10.1016/j.apm.2022.02.014,2022,Bayesian inference of a stochastic diffusion process for the dynamic of HIV in closed heterosexual population with simulations and application to Morocco case,HIV,Compartmental,Stochastic model,Not reported ,Matlab,No
721,https://doi.org/10.1097/INF.0000000000002680,2020,Steep Declines in Pediatric AIDS Mortality in South Africa, Despite Poor Progress Toward Pediatric Diagnosis and Treatment Targets,HIV,Compartmental,Deterministic model ,Not reported ,C++,No
713,https://doi.org/10.1002/jia2.25495,2020,Integrating HIV pre-exposure prophylaxis and harm reduction among men who have sex with men and transgender women to address intersecting harms associated with stimulant use: a modelling study,HIV,Compartmental,Not reported,Not reported ,Not reported,No
691,https://doi.org/10.1136/bmjgh-2021-007136,2022,Estimating the contribution of transmission in primary healthcare clinics to community-wide TB disease incidence, and the impact of infection prevention and control interventions, in KwaZulu-Natal, South Africa,TB,Individual-based,Stochastic model,Not reported ,Not reported,No
680,https://doi.org/10.1016/j.lana.2022.100416,2023,Estimating the impact of HIV PrEP regimens containing long-acting injectable cabotegravir or daily oral tenofovir disoproxil fumarate/emtricitabine among men who have sex with men in the United States: a mathematical modelling study for HPTN 083,HIV,Compartmental,Deterministic model ,Not reported ,C++,Yes
679,https://doi.org/10.1016/j.mbs.2018.09.014,2018,A simple SI-type model for HIV/AIDS with media and self-imposed psychological fear,HIV,Compartmental,Not reported,Not reported ,Not reported,No
663,https://doi.org/10.1002/jia2.25203,2018,The importance of local epidemic conditions in monitoring progress towards HIV epidemic control in Kenya: a modelling study,HIV,Compartmental,Not reported,Not reported ,Not reported,No
660,https://doi.org/10.1002/jia2.25427,2019,Epidemiological impact and cost-effectiveness of providing
long-acting pre-exposure prophylaxis to injectable contraceptive
users for HIV prevention in South Africa: a modelling study,HIV,Compartmental,Deterministic model ,Not reported ,Not reported,No
649,http://doi.org/10.1097/QAI.0000000000002921,2022,Cost-Effectiveness of Interventions to Improve HIV Pre-exposure Prophylaxis Initiation, Adherence, and Persistence Among Men Who Have Sex With Men,HIV,Individual-based,Stochastic model,Link reported and accessible,R; C++,Yes
642,doi:10.1097/QAD.0000000000001747,2018,Cost-Effectiveness of Alternative Strategies for Provision of HIV  Pre-Exposure Prophylaxis for People Who Inject Drugs,HIV,Other,Not reported,Not reported ,Not reported,No
631,https://doi.org/10.1186/s12879-021-06757-6,2021,Drivers of HIV-1 drug resistance to non-nucleoside reverse-transcriptase inhibitors (NNRTIs) in nine southern African countries: a modelling study,HIV,Compartmental,Deterministic model ,Link reported and accessible,R; Other ,No
613,http://dx.doi.org/10.1098/rsif.2017.0849,2018,A novel Bayesian approach to predicting reductions in HIV incidence following increased testing interventions among gay, bisexual and other men who have sex with men in Vancouver, Canada,HIV,Compartmental,Not reported,Not reported ,Python,Yes
610,https://doi.org/10.1016/j.eclinm.2022.101347,2022,The case for prevention - Primary HIV prevention in the era of universal test and treat: A mathematical modeling study,HIV,Compartmental,Not reported,Not reported ,Not reported,No
603,doi:10.1097/QAI.0000000000002781,2021,Population Impact and Efficiency of Improvements to HIV PrEP Under Conditions of High ART Coverage Among San Francisco Men Who Have Sex With Men,HIV,Individual-based,Stochastic model,Link reported and accessible,R; C++,No
600,https://doi.org/10.1002/jia2.25282,2019,Dapivirine vaginal ring for HIV prevention: modelling health outcomes, drug resistance and cost-effectiveness,HIV,Compartmental,Not reported,Not reported ,Not reported,No
598,https://doi.org/10.1007/s00285-023-01885-w,2023,Staged HIV transmission and treatment in a dynamic model with long-term partnerships,HIV,Compartmental,Deterministic model ,Not reported ,Not reported,No
586,https://doi.org/10.1002/jia2.25414,2019,What impact could DMPA use have had in South Africa and how might its continued use affect the future of the HIV epidemic?,HIV,Compartmental,Deterministic model ,Not reported ,Not reported,No
578,https://doi.org/10.1016/j.lanwpc.2022.100462,2022,Cost-effectiveness of oral pre-exposure prophylaxis and expanded antiretroviral therapy for preventing HIV infections in the presence of drug resistance among men who have sex with men in China: A mathematical modelling study,HIV,Compartmental,Not reported,Not reported ,Matlab,No
574,https://doi.org/10.1093/ofid/ofy092,2018,The Effect of Monitoring Viral Load and Tracing Patients Lost to Follow-up on the Course of the HIV Epidemic in Malawi: A Mathematical Model,HIV,Compartmental,Deterministic model ,Not reported ,Not reported,No
564,https://doi.org/10.3934/mbe.2023052,2023,Modelling Botswana's HIV/AIDS response and treatment policy changes: Insights from a cascade of mathematical models.,HIV,Compartmental,Deterministic model ,Not reported ,Matlab,Yes
562,https://www.aimspress.com/article/10.3934/mbe.2023919,2023,Modelling and analysis of the HIV/AIDS epidemic with fast and slow asymptomatic infections in China from 2008 to 2021,HIV,Compartmental,Not reported,Not reported ,Not reported,No
549,https://doi.org/10.1016/j.epidem.2021.100461,2021,Can the combination of TasP and PrEP eliminate HIV among MSM in British Columbia, Canada?,HIV,Compartmental,Deterministic model ,Not reported ,Python,Yes
546,https://doi.org/10.1016/j.epidem.2017.10.001,2018,Comparison of cluster-based and source-attribution methods for estimating transmission risk using large HIV sequence databases,HIV,Compartmental,Not reported,Link reported and accessible,R,No
545,https://doi.org/10.1016/j.vaccine.2019.02.073,2019,Targeting and vaccine durability are key for population-level impact and cost-effectiveness of a pox-protein HIV vaccine regimen in South Africa,HIV,Individual-based,Stochastic model,Link reported but inaccessible,Not reported,No
544,https://doi.org/10.1097/QAD.0000000000003012 
,2021,Can HIV epidemics among men who have sex with men be eliminated through participation in PrEP rollouts?,HIV,Compartmental,Deterministic model ,Not reported ,Not reported,No
535,https://doi.org/10.1111/hiv.12660,2018,Quantifying the drivers of HIV transmission and prevention in men who have sex with men: a population model-based analysis in Switzerland,HIV,Compartmental,Not reported,Not reported ,R,Yes
529,https://doi.org/10.1002/jia2.25126,2018,Estimating the contribution of key populations towards the spread of HIV in Dakar, Senegal,HIV,Not reported,Not reported,Not reported ,Not reported,No
526,https://doi.org/10.1002/jia2.25620,2020,Responding to the ECHO trial results: modelling the potential impact of changing contraceptive method mix on HIV and reproductive health in South Africa,HIV,Compartmental,Deterministic model ,Not reported ,Not reported,No
508,http://onlinelibrary.wiley.com/doi/10.1002/jia2.25102/full ,2018,HIV incidence among people who inject drugs in the Middle East and North Africa: mathematical modelling analysis,HIV,Compartmental,Deterministic model ,Not reported ,Not reported,No
504, https://doi.org/10.1002/jia2.25493,2020,Modelling integrated antiretroviral treatment and harm reduction services on HIV and overdose among people who inject drugs in Tijuana, Mexico,HIV,Compartmental,Deterministic model ,Not reported ,Not reported,No
500,http://dx.doi.org/10.1098/rsif.2019.0497,2019,HIV control strategies for sex worker-client contact networks,HIV,Individual-based,Stochastic model,Link reported and accessible,Not reported,No
499,http://doi.org/10.3934/mbe.2020354,2020,A nonlinear multi-population behavioral model to assess the roles of
education campaigns, random supply of aids, and delayed ART treatment in
HIV/AIDS epidemics,HIV,Compartmental,Stochastic model,Not reported ,Not reported,No
495,http://doi.org/10.11948/20190252,2020,MODELING AND DYNAMICS OF HIV TRANSMISSION AMONG HIGH-RISK GROUPS IN GUANGZHOU CITY, CHINA,HIV,Compartmental,Not reported,Not reported ,Not reported,No
488,https://doi.org/10.1002/mma.8723,2022,Impact of nonlinear infection rate on HIV/AIDS considering prevalence-dependent awareness,HIV,Not reported,Not reported,Not reported ,Matlab,Yes
487,https://doi.org/10.1186/s12879-022-07207-7,2022,Past dynamics of HIV transmission among men who have sex with men in Montréal, Canada: a mathematical modeling study,HIV,Individual-based,Stochastic model,Not reported ,R; C++,No
483,https://doi.org/10.2196/publichealth.9357,2018,Development of an Agent-Based Model to Investigate the Impact of HIV Self-Testing Programs on Men Who Have Sex With Men in Atlanta and Seattle,HIV,Individual-based,Stochastic model,Not reported ,R,Yes
482,https://doi.org/10.1002/jia2.25994,2022,Measuring progress towards reaching zero new HIV acquisitions among key populations in Québec (Canada) using routine surveillance data: a mathematical modelling study,HIV,Compartmental,Deterministic model ,Not reported ,R; C++,No
479,https://doi.org/10.1016/j.idm.2022.01.002,2022,Analysing the impact of migration on HIV/AIDS cases using
epidemiological modelling to guide policy makers,HIV,Compartmental,Not reported,Not reported ,Not reported,No
477,DOI:10.1097/QAD.0000000000003347,2022,Impact and cost-effectiveness of non-governmental organizations on the HIV epidemic in Ukraine among MSM,HIV,Compartmental,Deterministic model ,Not reported ,Not reported,No
476,https://doi.org/10.3390/
tropicalmed7080190,2022,Trace the History of HIV and Predict Its Future through Genetic Sequences,HIV,Compartmental,Not reported,Not reported ,R,No
462,https://doi.org/10.1016/j.drugalcdep.2022.109396,2022,Modeling the impact of interventions during an outbreak of HIV infection among people who inject drugs in 2012–2013 in Athens, Greece. ,HIV,Compartmental,Deterministic model ,Link reported and accessible,Matlab,No
461,https://doi.org/10.1007/s40435-023-01344-w,2023,Forecasting of HIV/AIDS in South Africa using 1990 to 2021 data: novel
integer- and fractional-order fittings,HIV,Compartmental,Not reported,Not reported ,Matlab,No
450,https://doi.org/10.1097/QAD.0000000000002199,2019,Cost-effectiveness of increased HIV testing among MSM in The Netherlands,HIV,Individual-based,Stochastic model,Not reported ,Other ,No
447,http://doi.org/10.3934/dcdsb.2020070,2020,DYNAMIC ANALYSIS AND OPTIMAL CONTROL OF A THREE-AGE-CLASS HIV/AIDS EPIDEMIC MODEL IN CHINA,HIV,Compartmental,Not reported,Not reported ,Not reported,No
440,10.1186/s40249-023-01164-2,2023,A potential transition from a concentrated 
to a generalized HIV epidemic: the case 
of Madagascar,HIV,Compartmental,Not reported,Link reported but inaccessible,C++,No
439,https://doi.org/10.1016/j.
lana.2022.100281,2022,Finding and treating early-stage HIV infections: A cost-effectiveness analysis of the Sabes study in Lima, Peru,HIV,Compartmental,Not reported,Not reported ,R; C++,No
436,https://doi.org/10.1097/QAD.0000000000001697,2018,Assisted partner notification services are cost-effective for decreasing HIV burden in western Kenya,HIV,Individual-based,Stochastic model,Link reported but inaccessible,Matlab,No
421,https://doi.org/10.1186/s12889-018-6304-x,2018,Potential drivers of HIV acquisition in
African-American women related to mass
incarceration: an agent-based modelling
study,HIV,Individual-based,Stochastic model,Not reported ,Python,No
419,https://doi.org/10.1017/s0950268818000961,2018,Age bias in survey sampling and implications for estimating HIV prevalence in men who have sex with men: insights from mathematical modelling,HIV,Individual-based,Not reported,Not reported ,Not reported,No
414,https://doi.org/10.1186/s12879-018-3516-8,2018,A mathematical model of biomedical interventions for HIV prevention among men who have sex with men in China,HIV,Compartmental,Deterministic model ,Not reported ,Matlab,No
408,https://doi.org/10.1016/j.idm.2019.04.003,2019,A mathematical modelling study of HIV infection in two heterosexual age groups in Kenya,HIV,Compartmental,Deterministic model ,Not reported ,R,Yes
391,DOI:10.1097/QAI.0000000000002663,2021,Assessing the Potential Impact of Disruptions Due to
COVID-19 on HIV Among Key and Lower-Risk Populations in the Largest Cities of Cameroon and Benin,HIV,Compartmental,Deterministic model ,Not reported ,Not reported,No
390,http://doi.org/10.31489/2021M2/106-114,2021,Modelling the effect of horizontal and vertical transmissions of HIV infection with efficient control strategies,HIV,Not reported,Not reported,Not reported ,Not reported,No
378,https://doi.org/10.1016/j.epidem.2019.02.001,2019,A dynamic network model to disentangle the roles of steady and casual partners for HIV transmission among MSM,HIV,Compartmental,Stochastic model,Not reported ,Not reported,No
375,https://doi.org/10.1002/jia2.25373,2019,Competing biomedical HIV prevention strategies: potential cost-effectiveness of HIV vaccines and PrEP in Seattle, WA,HIV,Compartmental,Deterministic model ,Not reported ,R; C++,No
374,http://doi.org/10.3934/dcdss.2018008,2018,MODELING AND OPTIMAL CONTROL OF HIV/AIDS
PREVENTION THROUGH PREP,HIV,Compartmental,Not reported,Not reported ,Not reported,No
373,DOI:10.1097/QAD.0000000000003528,2023,The impact of attrition on the transmission of HIV and drug resistance,HIV,Compartmental,Not reported,Not reported ,Matlab,Yes
372,https://doi.org/10.2147/HIV.S413876,2023,Prevalence of HIV in Kazakhstan 2010–2020 and Its Forecasting for the Next 10 Years,HIV,Compartmental,Not reported,Not reported ,Python,Yes
369, https://doi.org/10.1002/jia2.25246,2019,Improvements in the HIV care continuum needed to meaningfully reduce HIV incidence among men who have sex with men in Baltimore, US: a modelling study for HPTN 078,HIV,Compartmental,Deterministic model ,Not reported ,Not reported,No
367,https://doi.org/10.1017/S0950268820000850,2020,A mathematical model for HIV prevention and control among men who have sex with men in China,HIV,Compartmental,Not reported,Not reported ,R; Other ,No
363,https://doi.org/10.1097/qad.0000000000002050,2018,Elimination prospects of the Dutch HIV epidemic among men who have sex with men in the era of preexposure prophylaxis,HIV,Compartmental,Not reported,Not reported ,Other ,No
361,http://doi.org/10.3934/mbe.2021109,2021,Progression and transmission of HIV (PATH 4.0)-A new agent-based evolving network simulation for modeling HIV transmission clusters,HIV,Compartmental,Stochastic model,Not reported ,Matlab,No
359,http://doi.org/10.1177/0272989X19889356,2020,Development and Calibration of a Dynamic
HIV Transmission Model for 6 US Cities,HIV,Compartmental,Not reported,Not reported ,R,Yes
355,https://doi.org/10.1097/qad.0000000000002386,2019,National HIV testing and diagnosis coverage in sub-Saharan Africa: a new modeling tool for estimating the ‘first 90’ from program and survey data,HIV,Compartmental,Deterministic model ,Link reported and accessible,R,No
354,10.1016/j.heliyon.2023.e21948,2023,The spatial spread of HIV in Malawi: An individual-based mathematical model,HIV,Individual-based,Deterministic model ,Link reported and accessible,Not reported,No
351,https://doi.org/10.1093/cid/ciaa857,2021,Model-Based Cost-Effectiveness of State-level Latent  Tuberculosis Interventions in California, Florida, New York and Texas,TB,Individual-based,Stochastic model,Not reported ,Not reported,No
346,https://10.0.4.73/QAD.0000000000002437,2019,The Estimation and Projection Package Age-Sex Model and the r-hybrid model: new tools for estimating HIV incidence trends in sub-Saharan Africa,HIV,Compartmental,Not reported,Link reported and accessible,R,Yes
342,https://doi.org/doi:10.1016/j.epidem.2020.100423,2020,Assessing the use of surveillance data to estimate the impact of prevention interventions on HIV incidence in cluster-randomized controlled trials,HIV,Compartmental,Deterministic model ,Not reported ,C++,No
329,https://doi.org/10.1016/j.idm.2020.09.009,2020,The impact of implementing HIV prevention policies therapy and control strategy among HIV and AIDS incidence cases in
Malaysia,HIV,Compartmental,Deterministic model ,Not reported ,R,Yes
326,doi:10.1097/QAI.0000000000002546,2021,Development of a Mathematical Model to Estimate the Cost-Effectiveness of HRSA's Ryan White HIV/AIDS Program,HIV,Individual-based,Stochastic model,Not reported ,Not reported,No
325,doi:10.1097/QAI.0000000000003029,2022,PROJECTED IMPACT OF EXPANDED LONG-ACTING INJECTABLE PREP USE AMONG MEN WHO HAVE SEX WITH MEN ON LOCAL HIV EPIDEMICS,HIV,Compartmental,Deterministic model ,Link reported and accessible,R,No
313,http://doi.org/10.1097/QAI.0000000000003013,2022,Modeling the Impact of HIV-1 Nucleic Acid Testing Among Symptomatic Adult Outpatients in Kenya,HIV,Individual-based,Stochastic model,Link reported and accessible,R; C++,Yes
312,https://doi.org/10.1214/23-AOAS1730,2023,Estimating HIV Epidemics for Subnational Areas,HIV,Not reported,Not reported,Link reported and accessible,R,No
311,https://doi.org/10.1016/j.
lanwpc.2022.100467

,2022,Elimination of HIV transmission in Japanese MSM with combination interventions,HIV,Compartmental,Deterministic model ,Not reported ,Matlab,No
305,https://doi.org/10.1016/j.epidem.2019.02.002,2019,Estimating HIV incidence from surveillance data indicates a second wave of infections in Brazil,HIV,Compartmental,Deterministic model ,Not reported ,R,No
302,https://doi.org/10.1093/pubmed/fdz116,2019,Analysis and forecast of the HIV/AIDS epidemic in Mainland China, 1985-2016,HIV,Not reported,Stochastic model,Not reported ,Not reported,No
301,https://doi.org/10.1016/j.eclinm.2020.100483,2020,Understanding the impact of interruptions to HIV services during the COVID-19 pandemic: A modelling study,HIV,Compartmental,Deterministic model ,Not reported ,Not reported,No
293,10.1093/aje/kwz147,2019,Impact and Effectiveness of State-Level Tuberculosis Interventions in California, Florida, New York, and Texas: A Model-Based Analysis,TB,Individual-based,Not reported,Not reported ,Not reported,No
292,https://doi.org/10.1097/QAD.0000000000001959,2018,Modeling the implementation of population-level isoniazid preventive therapy for tuberculosis control in a high HIV-prevalence setting,HIV; TB,Compartmental,Deterministic model ,Not reported ,R,No
287,https://doi.org/10.1186/s41256-019-0107-1,2019,The potential impact of a “curative
intervention” for HIV: a modelling study,HIV,Compartmental,Deterministic model ,Not reported ,Not reported,No
284,https://doi.org/10.1111/hiv.13063,2021,Modelling the impact of an HIV testing intervention on HIV
transmission among men who have sex with men in China,HIV,Compartmental,Deterministic model ,Not reported ,R,Yes
282,https://doi.org/10.1097/qai.0000000000002684,2021,Predicting HIV Incidence in the SEARCH Trial: A Mathematical Modeling Study,HIV,Individual-based,Stochastic model,Link reported but inaccessible,Not reported,No
281,https://doi.org/10.1186/s12879-023-08113-2,2023,Modelling the impact of combining HIV prevention interventions on HIV dynamics in fishing communities in Uganda,HIV,Compartmental,Deterministic model ,Link reported and accessible,R,No
278,https://doi.org/10.1016/j.idm.2019.04.001,2019,Projected effectiveness of HIV detection during early infection and rapid ART initiation among MSM and transgender women in Peru: A modeling study,HIV,Compartmental,Not reported,Not reported ,Not reported,No
277,https://doi.org/10.1186/s12874-022-01756-w,2022,Evaluating the sensitivity of jurisdictional 
heterogeneity and jurisdictional mixing in national level HIV prevention analyses: context of the U.S. ending the HIV epidemic plan,HIV,Compartmental,Not reported,Not reported ,Python,No
274,http://doi.org/10.1093/ofid/ofy008,2018,What Will It Take to Reduce HIV Incidence in the United States: A Mathematical Modeling Analysis,HIV,Compartmental,Deterministic model ,Not reported ,R; C++,No
270,http://doi.org/10.1097/QAI.0000000000002340,2020,Understanding the HIV Epidemic Among MSM in Baltimore: A Modeling Study Estimating the Impact of Past HIV Interventions and Who Acquired and Contributed to Infections,HIV,Compartmental,Deterministic model ,Not reported ,Not reported,No
268,https://doi.org/10.1093/infdis/jiaa130,2020,Ending the HIV Epidemic Among Persons Who Inject Drugs: A Cost-Effectiveness Analysis in Six US Cities,HIV,Compartmental,Not reported,Not reported ,Not reported,No
265,https://doi.org/10.1097/QAI.0000000000001783,2018,The Antimalarial Benefit of HIV Antiretroviral Therapy in Areas of Low to Moderate Malaria Transmission Intensity,Malaria,Not reported,Not reported,Not reported ,Not reported,No
262,https://doi.org/10.1097/QAD.0000000000002455,2020,The impact of localized implementation: determining the cost-effectiveness of HIV prevention and care interventions across six United States cities,HIV,Compartmental,Not reported,Not reported ,Not reported,No
261,https://doi.org/0.1007/s10461-016-1635-z,2018,Impact of Improved HIV Care and Treatment on PrEP Effectiveness in the United States, 2016–2020,HIV,Compartmental,Not reported,Not reported ,Matlab,Yes
251,https://doi.org/10.1097/qai.0000000000002927,2022,The Effect of HIV Programs in South Africa on National HIV Incidence Trends, 2000–2019,HIV,Compartmental,Deterministic model ,Not reported ,Other ,No
243,https://doi.org/10.1007/s11538-021-00891-7,2021,Modeling the Effect of HIV/AIDS Stigma on HIV Infection Dynamics in Kenya,HIV,Compartmental,Stochastic model,Not reported ,Matlab,Yes
240,https://doi.org/10.1016/j.jtbi.2017.10.020,2017,Projecting the impact of anal intercourse on HIV transmission among heterosexuals in high HIV prevalence settings,HIV,Compartmental,Deterministic model ,Not reported ,Matlab,Yes
236,doi: 10.1097/QAI.0000000000002580,2021,Quantifying the Evolving Contribution of HIV Interventions and Key Populations to the HIV Epidemic in Yaoundé, Cameroon,HIV,Compartmental,Deterministic model ,Not reported ,Other ,No
232,doi: 10.2807/1560-7917.ES.2019.24.7.1800398,2019,Cost-effectiveness and budget effect of pre-exposure 
prophylaxis for HIV-1 prevention in Germany from 
2018 to 2058,HIV,Compartmental,Deterministic model ,Not reported ,Not reported,No
226,https://doi.org/10.1016/j.chaos.2020.109967,2020,Fractional model of HIV transmission with awareness effect,HIV,Compartmental,Not reported,Not reported ,Not reported,No
224,https://doi.org/10.1097/QAD.0000000000002681,2020,Modeling an integrated HIV prevention and care continuum to achieve the Ending the HIV Epidemic goals,HIV,Individual-based,Stochastic model,Link reported and accessible,R; C++,Yes
215,https://doi.org/10.3390/app12168359,2022,Exploring Projections for HIV Infection with Pre-Exposure Prophylaxis Usage in a High-Risk Population,HIV,Compartmental,Not reported,Not reported ,Not reported,No
211,https://doi.org/10.1016/j.jfranklin.2022.04.005,2022,Optimal control of TB transmission based on an age structured HIV-TB co-infection model,HIV; TB,Not reported,Not reported,Not reported ,Not reported,No
206,https://doi.org/10.1371/journal.pone.0258267,2021,Could the 2010 HIV outbreak in Athens, Greece have been prevented? A mathematical modeling study,HIV,Individual-based,Stochastic model,Not reported ,Not reported,No
179,https://doi.org/10.1111/nrm.12332,2021,Current forecast of HIV/AIDS using Bayesian inference,HIV,Compartmental,Not reported,Link reported and accessible,Python,Yes
166,https://doi.org/10.1093/aje/kwx244,2018,Anal Intercourse Among Female Sex Workers in Côte d’Ivoire: Prevalence, Determinants, and Model-Based Estimates of the Population-Level Impact on HIV Transmission
,HIV,Individual-based,Deterministic model ,Not reported ,R,No
164,https://doi.org/10.1186/s12879-022-07738-z,2022,Modeling the potential impact of pre-exposure prophylaxis for HIV among men who have sex with men in Cameroon,HIV,Compartmental,Deterministic model ,Not reported ,Matlab,No
125,https://doi.org/10.3390/math9212645,2021,Inferring HIV Transmission Network Determinants Using Agent-Based Models Calibrated to Multi-Data Sources,HIV,Individual-based,Stochastic model,Link reported and accessible,R,Yes
117,https://doi.org/10.1093/ofid/ofy078,2018,The Cumulative Impact of Harm Reduction on the Swiss HIV Epidemic: Cohort Study, Mathematical Model, and Phylogenetic Analysis,HIV,Compartmental,Deterministic model ,Not reported ,R,Yes
79,https://doi.org/10.1016/j.ijid.2022.07.047,2022,The impact of HIV and tuberculosis interventions on South African adult tuberculosis trends, 1990-2019: a mathematical modeling analysis,HIV; TB,Compartmental,Deterministic model ,Not reported ,Not reported,No
76,DOI: 10.1093/infdis/jiaa296,2021,The Potential Impact of Long-Acting Cabotegravir for HIV Prevention in South Africa: A Mathematical Modeling Study,HIV,Compartmental,Deterministic model ,Not reported ,Not reported,No
72,https://doi.org/10.3390%2Fijerph16091592,2019,Estimated Impact of Targeted Pre-Exposure Prophylaxis: Strategies for Men Who Have Sex with Men in the United States,HIV,Individual-based,Stochastic model,Not reported ,Other ,Yes
70,https://doi.org/10.1093/ofid/ofab457,2021,Elucidating Drivers for Variations in the Explosive Human Immunodeficiency Virus Epidemic Among People Who Inject Drugs in Pakistan,HIV,Compartmental,Deterministic model ,Not reported ,Matlab,No
54,https://doi.org/10.1016/j.jadohealth.2017.09.023,2018,Targeting Human Immunodeficiency Virus Pre-Exposure Prophylaxis to Adolescent Sexual Minority Males in Higher Prevalence Areas of the United States: A Modeling Study,HIV,Individual-based,Stochastic model,Link reported and accessible,R,Yes
37,https://doi.org/10.1093/cid/ciy173,2018,Voluntary Community Human Immunodeficiency Virus Testing, Linkage, and Retention in Care Interventions in Kenya: Modeling the Clinical Impact and Cost-effectiveness,HIV,Individual-based,Not reported,Not reported ,Not reported,No
35,https://doi.org/10.1002/hec.4211,2020,Modelling the effect of market forces on the impact of introducing human immunodeficiency virus pre-exposure prophylaxis among female sex workers,HIV,Compartmental,Not reported,Not reported ,Not reported,No
33,http://doi.org/10.1097/QAI.0000000000002844,2022,Human Immunodeficiency Virus transmission by HIV Risk Group and Along the HIV Care Continuum: A Contrast of 6 US Cities,HIV,Compartmental,Not reported,Not reported ,Not reported,No
31,10.1093/infdis/jiaa552,2021,Projected Impact of Concurrently Available Long-Acting 
Injectable and Daily-Oral Human Immunodeficiency 
Virus Preexposure Prophylaxis: A Mathematical Model,HIV,Individual-based,Stochastic model,Link reported and accessible,R; C++,No
21,https://doi.org/10.1093/cid/cix832,2018,The Cost-Effectiveness of Human Immunodeficiency Virus Testing and Treatment Engagement Initiatives in British Columbia, Canada: 2011-2013,HIV,Compartmental,Deterministic model ,Not reported ,Not reported,No
20,https://doi.org/10.1093/ofid/ofac274,2022,Projected Effects of Disruptions to Human Immunodeficiency Virus (HIV) Prevention Services During the Coronavirus Disease 2019 Pandemic Among Black/African American Men Who Have Sex With Men in an Ending the HIV Epidemic Priority Jurisdiction,HIV,Compartmental,Stochastic model,Not reported ,Python,Yes
18,10.1093/aje/kwy230,2018,Addressing Gaps in HIV Preexposure Prophylaxis Care to Reduce Racial Disparities in HIV Incidence in the United States,HIV,Individual-based,Stochastic model,Link reported and accessible,R; C++,Yes
11,https://doi.org/10.1093/cid/ciab1029,2022,Potential Effects of the Coronavirus Disease 2019 (COVID-19) Pandemic on Human Immunodeficiency Virus (HIV) Transmission: A Modeling Study in 32 US Cities,HIV,Compartmental,Deterministic model ,Link reported and accessible,R,No
10,https://doi.org/10.1089/cmb.2021.0323,2022,Mathematical Model of HIV/AIDS Considering Sexual Preferences Under Antiretroviral Therapy, a Case Study in San Juan de Pasto, Colombia,HIV,Compartmental,Deterministic model ,Not reported ,Not reported,No
4,https://doi.org/doi: 10.3389/fpubh.2021.689575,2021,Epidemiological Characteristics and Transmissibility of Human Immunodeficiency Virus in Nanning City, China, 2001-2020,HIV,Compartmental,Not reported,Not reported ,Other ,No
665,. https:// doi.org/10.1371/journal.pone.0242595,2020,Challenges in estimating HIV prevalence trends and geographical variation in HIV prevalence using antenatal data: Insights from mathematical modelling,HIV,Individual-based,Stochastic model,Not reported ,Not reported,No
665,. https:// doi.org/10.1371/journal.pone.0242595,2020,Challenges in estimating HIV prevalence trends and geographical variation in HIV prevalence using antenatal data: Insights from mathematical modelling,HIV,Compartmental,Deterministic model ,Not reported ,Not reported,No
1802,https://doi.org/10.1097/EDE.0000000000001418,2022,The Health and Economic Benefits of Tests That Predict Future Progression to Tuberculosis Disease,TB,Compartmental,Deterministic model ,Not reported ,Not reported,No
1802,https://doi.org/10.1097/EDE.0000000000001418,2022,The Health and Economic Benefits of Tests That Predict Future Progression to Tuberculosis Disease,TB,Individual-based,Not reported,Not reported ,Not reported,No
1802,https://doi.org/10.1097/EDE.0000000000001418,2022,The Health and Economic Benefits of Tests That Predict Future Progression to Tuberculosis Disease,TB,Individual-based,Stochastic model,Not reported ,Not reported,No
383,http://doi.org/10.1097/QAD.0000000000002826,2021,Mathematical modelling of the influence of serosorting on the population-level
HIV transmission impact of pre-exposure prophylaxis,HIV,Compartmental,Deterministic model ,Not reported ,Matlab,No
383,http://doi.org/10.1097/QAD.0000000000002826,2021,Mathematical modelling of the influence of serosorting on the population-level
HIV transmission impact of pre-exposure prophylaxis,HIV,Compartmental,Deterministic model ,Not reported ,Matlab,No
2210,https://doi.org/10.1164/rccm.201907-1289oc,2020,Comparative Modeling of Tuberculosis Epidemiology and Policy Outcomes in California.,TB,Compartmental,Deterministic model ,Not reported ,Not reported,No
2210,https://doi.org/10.1164/rccm.201907-1289oc,2020,Comparative Modeling of Tuberculosis Epidemiology and Policy Outcomes in California.,TB,Individual-based,Not reported,Not reported ,Not reported,No
2210,https://doi.org/10.1164/rccm.201907-1289oc,2020,Comparative Modeling of Tuberculosis Epidemiology and Policy Outcomes in California.,TB,Individual-based,Stochastic model,Not reported ,Not reported,No
1247,https://doi.org/10.1371/journal.pone.0199453,2018,The emerging health impact of voluntary medical male circumcision in Zimbabwe: An evaluation using three epidemiological models.,HIV,Compartmental,Not reported,Not reported ,Not reported,No
1247,https://doi.org/10.1371/journal.pone.0199453,2018,The emerging health impact of voluntary medical male circumcision in Zimbabwe: An evaluation using three epidemiological models.,HIV,Compartmental,Not reported,Not reported ,Not reported,No
1247,https://doi.org/10.1371/journal.pone.0199453,2018,The emerging health impact of voluntary medical male circumcision in Zimbabwe: An evaluation using three epidemiological models.,HIV,Individual-based,Stochastic model,Not reported ,Not reported,No
